gameid,datacompleteness,url,league,year,split,playoffs,date,game,patch,playerid,side,position,player,team,champion,ban1,ban2,ban3,ban4,ban5,gamelength,result,kills,deaths,assists,teamkills,teamdeaths,doublekills,triplekills,quadrakills,pentakills,firstblood,firstbloodkill,firstbloodassist,firstbloodvictim,team kpm,ckpm,firstdragon,dragons,opp_dragons,elementaldrakes,opp_elementaldrakes,infernals,mountains,clouds,oceans,dragons (type unknown),elders,opp_elders,firstherald,heralds,opp_heralds,firstbaron,barons,opp_barons,firsttower,towers,opp_towers,firstmidtower,firsttothreetowers,inhibitors,opp_inhibitors,damagetochampions,dpm,damageshare,damagetakenperminute,damagemitigatedperminute,wardsplaced,wpm,wardskilled,wcpm,controlwardsbought,visionscore,vspm,totalgold,earnedgold,earned gpm,earnedgoldshare,goldspent,gspd,total cs,minionkills,monsterkills,monsterkillsownjungle,monsterkillsenemyjungle,cspm,goldat10,xpat10,csat10,opp_goldat10,opp_xpat10,opp_csat10,golddiffat10,xpdiffat10,csdiffat10,killsat10,assistsat10,deathsat10,opp_killsat10,opp_assistsat10,opp_deathsat10,goldat15,xpat15,csat15,opp_goldat15,opp_xpat15,opp_csat15,golddiffat15,xpdiffat15,csdiffat15,killsat15,assistsat15,deathsat15,opp_killsat15,opp_assistsat15,opp_deathsat15
ESPORTSTMNT03/1632489,complete,http://matchhistory.na.leagueoflegends.com/en/#match-details/ESPORTSTMNT03/1632489?gameHash=8a0464cfacf2ff50,KeSPA,2021,,0,2021-01-02 07:40:39,1,10.25,1,Blue,top,Khan,DAMWON Gaming,Mordekaiser,Aatrox,Kai'Sa,Pantheon,Aphelios,Lucian,1782,1,7,1,3,23,4,0,0,0,0,1,1,0,0,0.7744,0.9091,,,,,,,,,,,,,,,,,,,,,,,,1,0,20435,688.0471,0.276268,717.7441,933.9731,13,0.4377,5,0.1684,7,25,0.8418,12065,8154,274.5455,0.196019,10875,,209,193,16,8,5,7.0370,3421,5043,73,2985,4493,72,436,550,1,1,0,0,0,0,1,5407,7536,114,4659,7592,118,748,-56,-4,2,0,1,0,1,1
ESPORTSTMNT03/1632489,complete,http://matchhistory.na.leagueoflegends.com/en/#match-details/ESPORTSTMNT03/1632489?gameHash=8a0464cfacf2ff50,KeSPA,2021,,0,2021-01-02 07:40:39,1,10.25,2,Blue,jng,Canyon,DAMWON Gaming,Graves,Aatrox,Kai'Sa,Pantheon,Aphelios,Lucian,1782,1,7,1,5,23,4,0,0,0,0,0,0,0,0,0.7744,0.9091,,,,,,,,,,,,,,,,,,,,,,,,0,0,13944,469.4949,0.188514,559.0909,400.5387,10,0.3367,14,0.4714,10,46,1.5488,13944,10033,337.8114,0.241189,13850,,259,41,218,110,43,8.7205,3497,4314,87,3055,3059,62,442,1255,25,0,0,0,0,0,0,6974,8232,146,4854,4827,84,2120,3405,62,3,2,0,2,0,3
ESPORTSTMNT03/1632489,complete,http://matchhistory.na.leagueoflegends.com/en/#match-details/ESPORTSTMNT03/1632489?gameHash=8a0464cfacf2ff50,KeSPA,2021,,0,2021-01-02 07:40:39,1,10.25,3,Blue,mid,ShowMaker,DAMWON Gaming,Zoe,Aatrox,Kai'Sa,Pantheon,Aphelios,Lucian,1782,1,5,0,8,23,4,1,0,0,0,0,0,0,0,0.7744,0.9091,,,,,,,,,,,,,,,,,,,,,,,,1,0,16039,540.0337,0.216837,285.4545,282.6936,11,0.3704,8,0.2694,4,59,1.9865,14274,10363,348.9226,0.249122,12700,,299,250,49,17,24,10.0673,3784,5171,114,3301,4822,91,483,349,23,0,0,0,0,0,0,6591,7827,158,5013,7473,143,1578,354,15,2,3,0,0,0,0
ESPORTSTMNT03/1632489,complete,http://matchhistory.na.leagueoflegends.com/en/#match-details/ESPORTSTMNT03/1632489?gameHash=8a0464cfacf2ff50,KeSPA,2021,,0,2021-01-02 07:40:39,1,10.25,4,Blue,bot,Ghost,DAMWON Gaming,Miss Fortune,Aatrox,Kai'Sa,Pantheon,Aphelios,Lucian,1782,1,3,2,11,23,4,0,0,0,0,0,0,0,0,0.7744,0.9091,,,,,,,,,,,,,,,,,,,,,,,,0,0,17202,579.1919,0.23256,339.6296,291.8855,15,0.5051,5,0.1684,7,34,1.1448,13097,9186,309.2929,0.220828,11925,,292,265,27,17,4,9.8316,3540,3354,94,3020,3053,75,520,301,19,0,0,0,0,0,0,5202,5053,130,5078,4951,120,124,102,10,0,4,2,1,1,2
ESPORTSTMNT03/1632489,complete,http://matchhistory.na.leagueoflegends.com/en/#match-details/ESPORTSTMNT03/1632489?gameHash=8a0464cfacf2ff50,KeSPA,2021,,0,2021-01-02 07:40:39,1,10.25,5,Blue,sup,BeryL,DAMWON Gaming,Galio,Aatrox,Kai'Sa,Pantheon,Aphelios,Lucian,1782,1,1,0,14,23,4,0,0,0,0,0,0,0,0,0.7744,0.9091,,,,,,,,,,,,,,,,,,,,,,,,0,0,6348,213.7374,0.0858209,267.8788,781.6162,53,1.7845,13,0.4377,16,90,3.0303,7773,3862,130.0337,0.0928425,7000,,37,37,0,0,0,1.2458,2049,2577,14,2137,2667,17,-88,-90,-3,0,0,0,0,0,0,3853,4681,28,3405,4231,25,448,450,3,1,4,0,0,2,2
ESPORTSTMNT03/1632489,complete,http://matchhistory.na.leagueoflegends.com/en/#match-details/ESPORTSTMNT03/1632489?gameHash=8a0464cfacf2ff50,KeSPA,2021,,0,2021-01-02 07:40:39,1,10.25,6,Red,top,Rich,Nongshim RedForce,Ornn,Akali,Samira,Taliyah,Gragas,Maokai,1782,0,0,5,2,4,24,0,0,0,0,0,0,0,1,0.1347,0.9091,,,,,,,,,,,,,,,,,,,,,,,,0,1,8804,296.4310,0.262641,1000.8754,1063.6364,10,0.3367,3,0.1010,1,20,0.6734,8863,4952,166.7340,0.197362,8525,,215,215,0,0,0,7.2391,2985,4493,72,3421,5043,73,-436,-550,-1,0,0,1,1,0,0,4659,7592,118,5407,7536,114,-748,56,4,0,1,1,2,0,1
ESPORTSTMNT03/1632489,complete,http://matchhistory.na.leagueoflegends.com/en/#match-details/ESPORTSTMNT03/1632489?gameHash=8a0464cfacf2ff50,KeSPA,2021,,0,2021-01-02 07:40:39,1,10.25,7,Red,jng,Peanut,Nongshim RedForce,Kindred,Akali,Samira,Taliyah,Gragas,Maokai,1782,0,2,7,0,4,24,0,0,0,0,0,0,0,0,0.1347,0.9091,,,,,,,,,,,,,,,,,,,,,,,,0,0,3740,125.9259,0.111572,815.9933,359.7643,6,0.2020,18,0.6061,6,43,1.4478,8582,4671,157.2727,0.186163,8500,,157,39,118,91,3,5.2862,3055,3059,62,3497,4314,87,-442,-1255,-25,0,0,0,0,0,0,4854,4827,84,6974,8232,146,-2120,-3405,-62,2,0,3,3,2,0
ESPORTSTMNT03/1632489,complete,http://matchhistory.na.leagueoflegends.com/en/#match-details/ESPORTSTMNT03/1632489?gameHash=8a0464cfacf2ff50,KeSPA,2021,,0,2021-01-02 07:40:39,1,10.25,8,Red,mid,Bay,Nongshim RedForce,Orianna,Akali,Samira,Taliyah,Gragas,Maokai,1782,0,1,2,0,4,24,0,0,0,0,0,0,0,0,0.1347,0.9091,,,,,,,,,,,,,,,,,,,,,,,,0,1,5502,185.2525,0.164136,359.2593,268.2155,16,0.5387,2,0.0673,7,22,0.7407,11465,7554,254.3434,0.301062,11375,,287,287,0,0,0,9.6633,3301,4822,91,3784,5171,114,-483,-349,-23,0,0,0,0,0,0,5013,7473,143,6591,7827,158,-1578,-354,-15,0,0,0,2,3,0
ESPORTSTMNT03/1632489,complete,http://matchhistory.na.leagueoflegends.com/en/#match-details/ESPORTSTMNT03/1632489?gameHash=8a0464cfacf2ff50,KeSPA,2021,,0,2021-01-02 07:40:39,1,10.25,9,Red,bot,deokdam,Nongshim RedForce,Ezreal,Akali,Samira,Taliyah,Gragas,Maokai,1782,0,1,5,1,4,24,0,0,0,0,0,0,0,0,0.1347,0.9091,,,,,,,,,,,,,,,,,,,,,,,,0,0,13126,441.9529,0.391575,655.6902,233.4680,11,0.3704,6,0.2020,1,22,0.7407,9815,5904,198.7879,0.235303,9300,,238,233,5,5,0,8.0135,3020,3053,75,3540,3354,94,-520,-301,-19,0,0,0,0,0,0,5078,4951,120,5202,5053,130,-124,-102,-10,1,1,2,0,4,2
ESPORTSTMNT03/1632489,complete,http://matchhistory.na.leagueoflegends.com/en/#match-details/ESPORTSTMNT03/1632489?gameHash=8a0464cfacf2ff50,KeSPA,2021,,0,2021-01-02 07:40:39,1,10.25,10,Red,sup,Kellin,Nongshim RedForce,Leona,Akali,Samira,Taliyah,Gragas,Maokai,1782,0,0,5,2,4,24,0,0,0,0,0,0,0,0,0.1347,0.9091,,,,,,,,,,,,,,,,,,,,,,,,0,0,2349,79.0909,0.0700755,458.5859,369.2929,55,1.8519,11,0.3704,22,77,2.5926,5921,2010,67.6768,0.0801113,5800,,38,38,0,0,0,1.2795,2137,2667,17,2049,2577,14,88,90,3,0,0,0,0,0,0,3405,4231,25,3853,4681,28,-448,-450,-3,0,2,2,1,4,0
ESPORTSTMNT03/1632489,complete,http://matchhistory.na.leagueoflegends.com/en/#match-details/ESPORTSTMNT03/1632489?gameHash=8a0464cfacf2ff50,KeSPA,2021,,0,2021-01-02 07:40:39,1,10.25,100,Blue,team,,DAMWON Gaming,,Aatrox,Kai'Sa,Pantheon,Aphelios,Lucian,1782,1,23,4,41,23,4,1,0,0,0,1,,,,0.7744,0.9091,1,4,0,4,0,1,2,0,1,,0,0,1,2,0,1,1,0,1,9,0,1,1,2,0,73968,2490.5051,,2169.7980,2690.7071,102,3.4343,45,1.5152,44,254,8.5522,61153,41599,1400.6397,,56350,0.257386,,786,310,152,76,36.9024,16291,20459,382,14498,18094,317,1793,2365,65,1,0,0,0,0,1,28027,33329,576,23009,29074,490,5018,4255,86,8,13,3,3,4,8
ESPORTSTMNT03/1632489,complete,http://matchhistory.na.leagueoflegends.com/en/#match-details/ESPORTSTMNT03/1632489?gameHash=8a0464cfacf2ff50,KeSPA,2021,,0,2021-01-02 07:40:39,1,10.25,200,Red,team,,Nongshim RedForce,,Akali,Samira,Taliyah,Gragas,Maokai,1782,0,4,24,5,4,24,0,0,0,0,0,,,,0.1347,0.9091,0,0,4,0,4,0,0,0,0,,0,0,0,0,2,0,0,1,0,0,9,0,0,0,2,33521,1128.6532,,3290.4040,2294.3771,98,3.2997,40,1.3468,37,184,6.1953,44646,25092,844.8485,,43500,-0.257386,,812,123,96,3,31.4815,14498,18094,317,16291,20459,382,-1793,-2365,-65,0,0,1,1,0,0,23009,29074,490,28027,33329,576,-5018,-4255,-86,3,4,8,8,13,3
ESPORTSTMNT03/1632500,complete,http://matchhistory.na.leagueoflegends.com/en/#match-details/ESPORTSTMNT03/1632500?gameHash=513143a6bdfbd220,KeSPA,2021,,0,2021-01-02 08:53:45,2,10.25,1,Blue,top,Rich,Nongshim RedForce,Gragas,Akali,Taliyah,Zoe,Leona,Sylas,1753,0,0,3,6,7,18,0,0,0,0,0,0,0,0,0.2396,0.8557,,,,,,,,,,,,,,,,,,,,,,,,0,0,12968,443.8562,0.298355,985.1226,1090.6446,11,0.3765,4,0.1369,4,26,0.8899,9201,5349,183.0804,0.191556,8650,,201,201,0,0,0,6.8796,3183,4995,82,2848,4500,69,335,495,13,0,0,0,0,0,0,4905,7319,119,4736,7239,119,169,80,0,0,2,0,1,0,0
ESPORTSTMNT03/1632500,complete,http://matchhistory.na.leagueoflegends.com/en/#match-details/ESPORTSTMNT03/1632500?gameHash=513143a6bdfbd220,KeSPA,2021,,0,2021-01-02 08:53:45,2,10.25,2,Blue,jng,Peanut,Nongshim RedForce,Graves,Akali,Taliyah,Zoe,Leona,Sylas,1753,0,2,3,2,7,18,1,0,0,0,1,0,1,0,0.2396,0.8557,,,,,,,,,,,,,,,,,,,,,,,,0,0,7175,245.5790,0.165075,642.3731,416.4062,5,0.1711,11,0.3765,5,36,1.2322,10362,6510,222.8180,0.233131,9675,,213,33,180,140,2,7.2904,3357,3735,73,3241,3853,74,116,-118,-1,0,1,0,0,0,0,5339,6101,115,5063,6745,121,276,-644,-6,0,1,0,0,1,0
ESPORTSTMNT03/1632500,complete,http://matchhistory.na.leagueoflegends.com/en/#match-details/ESPORTSTMNT03/1632500?gameHash=513143a6bdfbd220,KeSPA,2021,,0,2021-01-02 08:53:45,2,10.25,3,Blue,mid,Bay,Nongshim RedForce,Rumble,Akali,Taliyah,Zoe,Leona,Sylas,1753,0,1,4,3,7,18,0,0,0,0,1,0,1,0,0.2396,0.8557,,,,,,,,,,,,,,,,,,,,,,,,0,0,7880,269.7091,0.181295,609.5493,589.7319,15,0.5134,3,0.1027,7,29,0.9926,10058,6206,212.4130,0.222245,10075,,231,231,0,0,0,7.9064,3338,4800,88,3610,5010,106,-272,-210,-18,0,1,0,0,0,0,5192,7097,125,5993,8115,166,-801,-1018,-41,1,2,1,1,1,0
ESPORTSTMNT03/1632500,complete,http://matchhistory.na.leagueoflegends.com/en/#match-details/ESPORTSTMNT03/1632500?gameHash=513143a6bdfbd220,KeSPA,2021,,0,2021-01-02 08:53:45,2,10.25,4,Blue,bot,deokdam,Nongshim RedForce,Kai'Sa,Akali,Taliyah,Zoe,Leona,Sylas,1753,0,2,2,3,7,18,0,0,0,0,1,1,0,0,0.2396,0.8557,,,,,,,,,,,,,,,,,,,,,,,,0,0,11921,408.0205,0.274267,481.5744,215.7330,11,0.3765,9,0.3080,3,40,1.3691,10725,6873,235.2424,0.24613,10150,,246,234,12,9,0,8.4199,3630,3110,84,3161,3263,86,469,-153,-2,1,0,0,0,0,1,5713,5606,139,5020,5630,135,693,-24,4,1,2,0,0,1,2
ESPORTSTMNT03/1632500,complete,http://matchhistory.na.leagueoflegends.com/en/#match-details/ESPORTSTMNT03/1632500?gameHash=513143a6bdfbd220,KeSPA,2021,,0,2021-01-02 08:53:45,2,10.25,5,Blue,sup,Kellin,Nongshim RedForce,Alistar,Akali,Taliyah,Zoe,Leona,Sylas,1753,0,2,6,4,7,18,0,0,0,0,1,0,1,0,0.2396,0.8557,,,,,,,,,,,,,,,,,,,,,,,,0,1,3521,120.5134,0.0810077,599.4524,621.9738,50,1.7114,3,0.1027,18,65,2.2248,6838,2986,102.2019,0.106938,6225,,25,25,0,0,0,0.8557,2115,2570,13,2004,2413,13,111,157,0,0,1,0,0,0,0,3443,3721,19,3207,3994,25,236,-273,-6,1,2,1,0,2,1
ESPORTSTMNT03/1632500,complete,http://matchhistory.na.leagueoflegends.com/en/#match-details/ESPORTSTMNT03/1632500?gameHash=513143a6bdfbd220,KeSPA,2021,,0,2021-01-02 08:53:45,2,10.25,6,Red,top,Khan,DAMWON Gaming,Ornn,Aatrox,Pantheon,Samira,Ekko,Orianna,1753,1,1,2,8,18,7,0,0,0,0,0,0,0,0,0.6161,0.8557,,,,,,,,,,,,,,,,,,,,,,,,0,0,14548,497.9350,0.18978,838.1860,890.6560,13,0.4450,5,0.1711,5,32,1.0953,9579,5727,196.0183,0.158084,9125,,197,193,4,0,0,6.7427,2848,4500,69,3183,4995,82,-335,-495,-13,0,0,0,0,0,0,4736,7239,119,4905,7319,119,-169,-80,0,1,0,0,0,2,0
ESPORTSTMNT03/1632500,complete,http://matchhistory.na.leagueoflegends.com/en/#match-details/ESPORTSTMNT03/1632500?gameHash=513143a6bdfbd220,KeSPA,2021,,0,2021-01-02 08:53:45,2,10.25,7,Red,jng,Canyon,DAMWON Gaming,Olaf,Aatrox,Pantheon,Samira,Ekko,Orianna,1753,1,3,0,8,18,7,0,0,0,0,0,0,0,0,0.6161,0.8557,,,,,,,,,,,,,,,,,,,,,,,,0,0,12666,433.5197,0.16523,1065.5904,809.0245,10,0.3423,12,0.4107,8,45,1.5402,11072,7220,247.1192,0.199293,9550,,197,27,170,111,12,6.7427,3241,3853,74,3357,3735,73,-116,118,1,0,0,0,0,1,0,5063,6745,121,5339,6101,115,-276,644,6,0,1,0,0,1,0
ESPORTSTMNT03/1632500,complete,http://matchhistory.na.leagueoflegends.com/en/#match-details/ESPORTSTMNT03/1632500?gameHash=513143a6bdfbd220,KeSPA,2021,,0,2021-01-02 08:53:45,2,10.25,8,Red,mid,ShowMaker,DAMWON Gaming,Syndra,Aatrox,Pantheon,Samira,Ekko,Orianna,1753,1,7,1,7,18,7,2,0,0,0,0,0,0,0,0.6161,0.8557,,,,,,,,,,,,,,,,,,,,,,,,0,0,24597,841.8825,0.320871,266.7998,183.5596,15,0.5134,4,0.1369,6,49,1.6771,14009,10157,347.6440,0.28036,11150,,290,263,27,24,0,9.9258,3610,5010,106,3338,4800,88,272,210,18,0,0,0,0,1,0,5993,8115,166,5192,7097,125,801,1018,41,1,1,0,1,2,1
ESPORTSTMNT03/1632500,complete,http://matchhistory.na.leagueoflegends.com/en/#match-details/ESPORTSTMNT03/1632500?gameHash=513143a6bdfbd220,KeSPA,2021,,0,2021-01-02 08:53:45,2,10.25,9,Red,bot,Ghost,DAMWON Gaming,Miss Fortune,Aatrox,Pantheon,Samira,Ekko,Orianna,1753,1,6,2,8,18,7,1,0,0,0,0,0,0,1,0.6161,0.8557,,,,,,,,,,,,,,,,,,,,,,,,0,0,17202,588.7735,0.224402,304.9971,151.8654,14,0.4792,8,0.2738,6,32,1.0953,13644,9792,335.1512,0.270285,11100,,282,262,20,16,4,9.6520,3161,3263,86,3630,3110,84,-469,153,2,0,0,1,1,0,0,5020,5630,135,5713,5606,139,-693,24,-4,0,1,2,1,2,0
ESPORTSTMNT03/1632500,complete,http://matchhistory.na.leagueoflegends.com/en/#match-details/ESPORTSTMNT03/1632500?gameHash=513143a6bdfbd220,KeSPA,2021,,0,2021-01-02 08:53:45,2,10.25,10,Red,sup,BeryL,DAMWON Gaming,Galio,Aatrox,Pantheon,Samira,Ekko,Orianna,1753,1,1,2,12,18,7,0,0,0,0,0,0,0,0,0.6161,0.8557,,,,,,,,,,,,,,,,,,,,,,,,1,0,7644,261.6315,0.0997169,441.2892,616.3263,43,1.4718,7,0.2396,14,73,2.4986,7184,3332,114.0445,0.0919772,6200,,33,33,0,0,0,1.1295,2004,2413,13,2115,2570,13,-111,-157,0,0,0,0,0,1,0,3207,3994,25,3443,3721,19,-236,273,6,0,2,1,1,2,1
ESPORTSTMNT03/1632500,complete,http://matchhistory.na.leagueoflegends.com/en/#match-details/ESPORTSTMNT03/1632500?gameHash=513143a6bdfbd220,KeSPA,2021,,0,2021-01-02 08:53:45,2,10.25,100,Blue,team,,Nongshim RedForce,,Akali,Taliyah,Zoe,Leona,Sylas,1753,0,7,18,18,7,18,1,0,0,0,1,,,,0.2396,0.8557,0,0,4,0,4,0,0,0,0,,0,0,1,1,0,0,0,1,0,3,7,0,0,0,1,43465,1487.6783,,3318.0719,2934.4894,92,3.1489,30,1.0268,37,196,6.7085,47184,27925,955.7901,,44775,-0.0511425,,724,192,149,2,31.3520,15623,19210,340,14864,19039,348,759,171,-8,1,3,0,0,0,1,24592,29844,517,24019,31723,566,573,-1879,-49,3,9,2,2,5,3
ESPORTSTMNT03/1632500,complete,http://matchhistory.na.leagueoflegends.com/en/#match-details/ESPORTSTMNT03/1632500?gameHash=513143a6bdfbd220,KeSPA,2021,,0,2021-01-02 08:53:45,2,10.25,200,Red,team,,DAMWON Gaming,,Aatrox,Pantheon,Samira,Ekko,Orianna,1753,1,18,7,43,18,7,3,0,0,0,0,,,,0.6161,0.8557,1,4,0,4,0,1,0,1,2,,0,0,0,0,1,1,1,0,1,7,3,1,1,1,0,76657,2623.7422,,2916.8625,2651.4318,95,3.2516,36,1.2322,39,231,7.9064,55488,36229,1240.0114,,47125,0.0511425,,778,221,151,16,34.1928,14864,19039,348,15623,19210,340,-759,-171,8,0,0,1,1,3,0,24019,31723,566,24592,29844,517,-573,1879,49,2,5,3,3,9,2
ESPORTSTMNT03/1632502,complete,http://matchhistory.na.leagueoflegends.com/en/#match-details/ESPORTSTMNT03/1632502?gameHash=8c52d3d24fb2d637,KeSPA,2021,,0,2021-01-02 09:50:49,3,10.25,1,Blue,top,Rich,Nongshim RedForce,Gragas,Akali,Taliyah,Olaf,Leona,Renekton,1777,0,3,3,3,10,20,0,0,0,0,0,0,0,0,0.3376,1.0129,,,,,,,,,,,,,,,,,,,,,,,,0,0,10139,342.3410,0.235353,1004.9071,969.4879,10,0.3376,3,0.1013,1,20,0.6753,8821,4920,166.1227,0.188789,8725,,153,148,5,1,0,5.1660,3110,4157,61,2440,3088,48,670,1069,13,1,0,0,0,1,2,4898,6894,112,4215,5954,101,683,940,11,1,0,0,0,2,2
ESPORTSTMNT03/1632502,complete,http://matchhistory.na.leagueoflegends.com/en/#match-details/ESPORTSTMNT03/1632502?gameHash=8c52d3d24fb2d637,KeSPA,2021,,0,2021-01-02 09:50:49,3,10.25,2,Blue,jng,Peanut,Nongshim RedForce,Graves,Akali,Taliyah,Olaf,Leona,Renekton,1777,0,3,4,2,10,20,0,0,0,0,0,0,0,0,0.3376,1.0129,,,,,,,,,,,,,,,,,,,,,,,,0,0,10554,356.3534,0.244986,824.2656,453.4271,8,0.2701,16,0.5402,6,41,1.3844,10125,6224,210.1519,0.238822,10150,,172,68,104,87,1,5.8075,3330,3142,57,3730,4110,79,-400,-968,-22,1,1,0,1,0,0,4916,4835,88,5772,6505,118,-856,-1670,-30,1,1,1,2,1,0
ESPORTSTMNT03/1632502,complete,http://matchhistory.na.leagueoflegends.com/en/#match-details/ESPORTSTMNT03/1632502?gameHash=8c52d3d24fb2d637,KeSPA,2021,,0,2021-01-02 09:50:49,3,10.25,3,Blue,mid,Bay,Nongshim RedForce,Zoe,Akali,Taliyah,Olaf,Leona,Renekton,1777,0,0,4,3,10,20,0,0,0,0,0,0,0,0,0.3376,1.0129,,,,,,,,,,,,,,,,,,,,,,,,0,1,8790,296.7923,0.204039,466.3928,263.9392,12,0.4052,3,0.1013,4,18,0.6078,8353,4452,150.3208,0.170832,8235,,191,183,8,8,0,6.4491,2971,4380,77,3463,4609,82,-492,-229,-5,0,0,0,0,2,0,4577,6749,123,5585,7402,133,-1008,-653,-10,0,0,1,1,3,0
ESPORTSTMNT03/1632502,complete,http://matchhistory.na.leagueoflegends.com/en/#match-details/ESPORTSTMNT03/1632502?gameHash=8c52d3d24fb2d637,KeSPA,2021,,0,2021-01-02 09:50:49,3,10.25,4,Blue,bot,deokdam,Nongshim RedForce,Yasuo,Akali,Taliyah,Olaf,Leona,Renekton,1777,0,3,5,3,10,20,0,0,0,0,1,0,1,0,0.3376,1.0129,,,,,,,,,,,,,,,,,,,,,,,,0,1,9915,334.7777,0.230153,669.4879,690.5234,11,0.3714,8,0.2701,4,28,0.9454,11475,7574,255.7344,0.29062,11250,,211,191,20,9,0,7.1244,3063,2925,67,3268,3012,77,-205,-87,-10,0,1,1,1,0,0,5358,5663,128,5158,5817,138,200,-154,-10,0,1,1,1,0,0
ESPORTSTMNT03/1632502,complete,http://matchhistory.na.leagueoflegends.com/en/#match-details/ESPORTSTMNT03/1632502?gameHash=8c52d3d24fb2d637,KeSPA,2021,,0,2021-01-02 09:50:49,3,10.25,5,Blue,sup,Kellin,Nongshim RedForce,Alistar,Akali,Taliyah,Olaf,Leona,Renekton,1777,0,1,4,5,10,20,0,0,0,0,1,1,0,0,0.3376,1.0129,,,,,,,,,,,,,,,,,,,,,,,,0,0,3682,124.3219,0.0854689,537.9066,641.9358,56,1.8908,12,0.4052,20,80,2.7012,6792,2891,97.6140,0.110938,6300,,36,36,0,0,0,1.2155,2569,2383,13,2069,2169,13,500,214,0,1,1,1,0,1,1,3624,3483,23,3222,3589,24,402,-106,-1,1,1,1,0,2,1
ESPORTSTMNT03/1632502,complete,http://matchhistory.na.leagueoflegends.com/en/#match-details/ESPORTSTMNT03/1632502?gameHash=8c52d3d24fb2d637,KeSPA,2021,,0,2021-01-02 09:50:49,3,10.25,6,Red,top,Khan,DAMWON Gaming,Rumble,Aatrox,Pantheon,Samira,Kai'Sa,Ornn,1777,1,2,4,13,20,11,0,0,0,0,0,0,0,0,0.6753,1.0129,,,,,,,,,,,,,,,,,,,,,,,,0,0,22925,774.0574,0.28997,567.9910,510.0844,16,0.5402,1,0.0338,6,37,1.2493,9429,5528,186.6517,0.147078,9450,,144,136,8,1,1,4.8621,2440,3088,48,3110,4157,61,-670,-1069,-13,0,1,2,1,0,0,4215,5954,101,4898,6894,112,-683,-940,-11,0,2,2,1,0,0
ESPORTSTMNT03/1632502,complete,http://matchhistory.na.leagueoflegends.com/en/#match-details/ESPORTSTMNT03/1632502?gameHash=8c52d3d24fb2d637,KeSPA,2021,,0,2021-01-02 09:50:49,3,10.25,7,Red,jng,Canyon,DAMWON Gaming,Nidalee,Aatrox,Pantheon,Samira,Kai'Sa,Ornn,1777,1,4,3,5,20,11,0,0,0,0,0,0,0,0,0.6753,1.0129,,,,,,,,,,,,,,,,,,,,,,,,0,0,13102,442.3860,0.165722,1001.8008,568.2949,16,0.5402,10,0.3376,16,50,1.6882,11533,7632,257.6927,0.203054,11300,,217,26,191,106,31,7.3270,3730,4110,79,3330,3142,57,400,968,22,1,0,0,1,1,0,5772,6505,118,4916,4835,88,856,1670,30,2,1,0,1,1,1
ESPORTSTMNT03/1632502,complete,http://matchhistory.na.leagueoflegends.com/en/#match-details/ESPORTSTMNT03/1632502?gameHash=8c52d3d24fb2d637,KeSPA,2021,,0,2021-01-02 09:50:49,3,10.25,8,Red,mid,ShowMaker,DAMWON Gaming,Yone,Aatrox,Pantheon,Samira,Kai'Sa,Ornn,1777,1,3,1,10,20,11,0,0,0,0,0,0,0,0,0.6753,1.0129,,,,,,,,,,,,,,,,,,,,,,,,1,0,17836,602.2285,0.225601,409.3641,720.1351,9,0.3039,7,0.2364,7,35,1.1818,13608,9707,327.7546,0.258259,9525,,274,256,18,10,4,9.2515,3463,4609,82,2971,4380,77,492,229,5,0,2,0,0,0,0,5585,7402,133,4577,6749,123,1008,653,10,1,3,0,0,0,1
ESPORTSTMNT03/1632502,complete,http://matchhistory.na.leagueoflegends.com/en/#match-details/ESPORTSTMNT03/1632502?gameHash=8c52d3d24fb2d637,KeSPA,2021,,0,2021-01-02 09:50:49,3,10.25,9,Red,bot,Ghost,DAMWON Gaming,Miss Fortune,Aatrox,Pantheon,Samira,Kai'Sa,Ornn,1777,1,11,1,5,20,11,2,0,0,0,0,0,0,0,0.6753,1.0129,,,,,,,,,,,,,,,,,,,,,,,,1,0,17250,582.4423,0.218189,323.3652,164.1643,18,0.6078,11,0.3714,8,46,1.5532,15082,11181,377.5239,0.297474,14800,,280,259,21,21,0,9.4541,3268,3012,77,3063,2925,67,205,87,10,1,0,0,0,1,1,5158,5817,138,5358,5663,128,-200,154,10,1,0,0,0,1,1
ESPORTSTMNT03/1632502,complete,http://matchhistory.na.leagueoflegends.com/en/#match-details/ESPORTSTMNT03/1632502?gameHash=8c52d3d24fb2d637,KeSPA,2021,,0,2021-01-02 09:50:49,3,10.25,10,Red,sup,BeryL,DAMWON Gaming,Galio,Aatrox,Pantheon,Samira,Kai'Sa,Ornn,1777,1,0,2,13,20,11,0,0,0,0,0,0,0,1,0.6753,1.0129,,,,,,,,,,,,,,,,,,,,,,,,0,0,7947,268.3286,0.100519,427.4282,742.5549,49,1.6545,12,0.4052,18,79,2.6674,7439,3538,119.4598,0.0941353,6250,,40,40,0,0,0,1.3506,2069,2169,13,2569,2383,13,-500,-214,0,0,1,1,1,1,1,3222,3589,24,3624,3483,23,-402,106,1,0,2,1,1,1,1
ESPORTSTMNT03/1632502,complete,http://matchhistory.na.leagueoflegends.com/en/#match-details/ESPORTSTMNT03/1632502?gameHash=8c52d3d24fb2d637,KeSPA,2021,,0,2021-01-02 09:50:49,3,10.25,100,Blue,team,,Nongshim RedForce,,Akali,Taliyah,Olaf,Leona,Renekton,1777,0,10,20,16,10,20,0,0,0,0,1,,,,0.3376,1.0129,0,0,4,0,4,0,0,0,0,,0,0,1,2,0,0,0,1,0,3,9,0,1,0,2,43080,1454.5864,,3502.9600,3019.3134,97,3.2752,42,1.4181,35,187,6.3140,45566,26063,880.0113,,44660,-0.138876,,626,137,105,1,25.7625,15043,16987,275,14970,16988,299,73,-1,-24,3,3,2,2,4,3,23373,27624,474,23952,29267,514,-579,-1643,-40,3,3,4,4,8,3
ESPORTSTMNT03/1632502,complete,http://matchhistory.na.leagueoflegends.com/en/#match-details/ESPORTSTMNT03/1632502?gameHash=8c52d3d24fb2d637,KeSPA,2021,,0,2021-01-02 09:50:49,3,10.25,200,Red,team,,DAMWON Gaming,,Aatrox,Pantheon,Samira,Kai'Sa,Ornn,1777,1,20,11,46,20,11,2,0,0,0,0,,,,0.6753,1.0129,1,4,0,4,0,2,1,1,0,,0,0,0,0,2,1,1,0,1,9,3,1,0,2,0,79060,2669.4429,,2729.9494,2705.2335,108,3.6466,41,1.3844,55,247,8.3399,57091,37588,1269.1503,,51325,0.138876,,717,238,138,36,32.2454,14970,16988,299,15043,16987,275,-73,1,24,2,4,3,3,3,2,23952,29267,514,23373,27624,474,579,1643,40,4,8,3,3,3,4
6909-9183,complete,https://lpl.qq.com/es/stats.shtml?bmid=6909,LPL,2021,Spring,0,2021-01-09 09:22:00,1,11.01,1,Blue,top,369,Top Esports,Karma,Olaf,Renekton,Zoe,Twisted Fate,Orianna,2050,0,0,0,2,3,9,0,0,0,0,1,0,1,0,0.0878,0.3512,,,,,,,,,,,,,,,,,,,,,,,,,,18444,539.8244,0.291305,332.8976,325.1415,13,0.3805,10,0.2927,3,31,0.9073,10711,6253,183.0146,0.19343,10675,,276,272,4,4,0,8.0780,3429,4942,89,3296,4984,87,133,-42,2,0,1,0,0,0,0,5323,7876,148,5165,7909,146,158,-33,2,0,1,0,0,0,0
6909-9183,complete,https://lpl.qq.com/es/stats.shtml?bmid=6909,LPL,2021,Spring,0,2021-01-09 09:22:00,1,11.01,2,Blue,jng,Karsa,Top Esports,Pantheon,Olaf,Renekton,Zoe,Twisted Fate,Orianna,2050,0,1,2,1,3,9,0,0,0,0,0,0,0,0,0.0878,0.3512,,,,,,,,,,,,,,,,,,,,,,,,,,8585,251.2683,0.135592,869.0927,541.3171,12,0.3512,12,0.3512,12,41,1.2000,10106,5648,165.3073,0.174716,10100,,197,23,174,115,3,5.7659,3271,3982,71,3437,3958,77,-166,24,-6,0,0,0,0,0,1,5034,5828,106,4967,6102,114,67,-274,-8,0,0,0,0,0,1
6909-9183,complete,https://lpl.qq.com/es/stats.shtml?bmid=6909,LPL,2021,Spring,0,2021-01-09 09:22:00,1,11.01,3,Blue,mid,knight,Top Esports,Syndra,Olaf,Renekton,Zoe,Twisted Fate,Orianna,2050,0,2,1,0,3,9,0,0,0,0,1,1,0,0,0.0878,0.3512,,,,,,,,,,,,,,,,,,,,,,,,,,13105,383.5610,0.206981,262.5951,170.5463,5,0.1463,13,0.3805,1,29,0.8488,13284,8826,258.3220,0.273018,13425,,343,303,40,24,10,10.0390,3842,4901,100,3324,4827,91,518,74,9,1,0,0,0,0,0,5933,8127,169,5375,8104,159,558,23,10,1,0,0,0,0,0
6909-9183,complete,https://lpl.qq.com/es/stats.shtml?bmid=6909,LPL,2021,Spring,0,2021-01-09 09:22:00,1,11.01,4,Blue,bot,JackeyLove,Top Esports,Samira,Olaf,Renekton,Zoe,Twisted Fate,Orianna,2050,0,0,2,2,3,9,0,0,0,0,0,0,0,0,0.0878,0.3512,,,,,,,,,,,,,,,,,,,,,,,,,,20740,607.0244,0.327569,726.0000,424.0390,10,0.2927,18,0.5268,5,41,1.2000,13742,9284,271.7268,0.287185,12825,,360,335,25,19,0,10.5366,3446,3308,100,3296,3155,91,150,153,9,0,0,0,0,0,0,5519,6156,160,5220,5651,149,299,505,11,0,0,0,0,0,0
6909-9183,complete,https://lpl.qq.com/es/stats.shtml?bmid=6909,LPL,2021,Spring,0,2021-01-09 09:22:00,1,11.01,5,Blue,sup,Zhuo,Top Esports,Leona,Olaf,Renekton,Zoe,Twisted Fate,Orianna,2050,0,0,4,1,3,9,0,0,0,0,0,0,0,0,0.0878,0.3512,,,,,,,,,,,,,,,,,,,,,,,,,,2441,71.4439,0.0385533,368.4293,529.8146,61,1.7854,30,0.8780,19,109,3.1902,6774,2316,67.7854,0.0716508,6525,,54,54,0,0,0,1.5805,2189,2507,20,2092,2641,14,97,-134,6,0,0,0,0,0,0,3006,3134,25,3137,3462,22,-131,-328,3,0,0,0,0,0,0
6909-9183,complete,https://lpl.qq.com/es/stats.shtml?bmid=6909,LPL,2021,Spring,0,2021-01-09 09:22:00,1,11.01,6,Red,top,Bin,Suning,Aatrox,Graves,Ornn,Akali,Kennen,Jayce,2050,1,1,0,6,9,3,0,0,0,0,0,0,0,0,0.2634,0.3512,,,,,,,,,,,,,,,,,,,,,,,,,,7861,230.0780,0.134592,1012.5951,895.0537,18,0.5268,4,0.1171,7,31,0.9073,13468,9010,263.7073,0.235677,13325,,316,280,36,18,4,9.2488,3296,4984,87,3429,4942,89,-133,42,-2,0,0,0,0,1,0,5165,7909,146,5323,7876,148,-158,33,-2,0,0,0,0,1,0
6909-9183,complete,https://lpl.qq.com/es/stats.shtml?bmid=6909,LPL,2021,Spring,0,2021-01-09 09:22:00,1,11.01,7,Red,jng,SofM,Suning,Nidalee,Graves,Ornn,Akali,Kennen,Jayce,2050,1,1,1,6,9,3,0,0,0,0,0,0,0,1,0.2634,0.3512,,,,,,,,,,,,,,,,,,,,,,,,,,10724,313.8732,0.183611,843.1610,442.8000,60,1.7561,27,0.7902,13,117,3.4244,10867,6409,187.5805,0.167645,9525,,205,44,161,122,8,6.0000,3437,3958,77,3271,3982,71,166,-24,6,0,0,1,0,0,0,4967,6102,114,5034,5828,106,-67,274,8,0,0,1,0,0,0
6909-9183,complete,https://lpl.qq.com/es/stats.shtml?bmid=6909,LPL,2021,Spring,0,2021-01-09 09:22:00,1,11.01,8,Red,mid,Angel,Suning,Viktor,Graves,Ornn,Akali,Kennen,Jayce,2050,1,2,0,5,9,3,0,0,0,0,0,0,0,0,0.2634,0.3512,,,,,,,,,,,,,,,,,,,,,,,,,,17497,512.1073,0.299575,287.6195,341.5024,15,0.4390,8,0.2341,5,34,0.9951,12602,8144,238.3610,0.213026,10175,,299,279,20,18,0,8.7512,3324,4827,91,3842,4901,100,-518,-74,-9,0,0,0,1,0,0,5375,8104,159,5933,8127,169,-558,-23,-10,0,0,0,1,0,0
6909-9183,complete,https://lpl.qq.com/es/stats.shtml?bmid=6909,LPL,2021,Spring,0,2021-01-09 09:22:00,1,11.01,9,Red,bot,huanfeng,Suning,Kai'Sa,Graves,Ornn,Akali,Kennen,Jayce,2050,1,5,0,3,9,3,1,0,0,0,0,0,0,0,0.2634,0.3512,,,,,,,,,,,,,,,,,,,,,,,,,,18459,540.2634,0.316046,459.7171,261.1610,13,0.3805,12,0.3512,5,37,1.0829,16176,11718,342.9659,0.306508,14200,,359,308,51,41,0,10.5073,3296,3155,91,3446,3308,100,-150,-153,-9,0,0,0,0,0,0,5220,5651,149,5519,6156,160,-299,-505,-11,0,0,0,0,0,0
6909-9183,complete,https://lpl.qq.com/es/stats.shtml?bmid=6909,LPL,2021,Spring,0,2021-01-09 09:22:00,1,11.01,10,Red,sup,ON,Suning,Galio,Graves,Ornn,Akali,Kennen,Jayce,2050,1,0,2,8,9,3,0,0,0,0,0,0,0,0,0.2634,0.3512,,,,,,,,,,,,,,,,,,,,,,,,,,3865,113.1220,0.0661747,337.3463,586.0976,55,1.6098,10,0.2927,16,88,2.5756,7407,2949,86.3122,0.0771448,6350,,36,36,0,0,0,1.0537,2092,2641,14,2189,2507,20,-97,134,-6,0,0,0,0,0,0,3137,3462,22,3006,3134,25,131,328,-3,0,0,0,0,0,0
6909-9183,complete,https://lpl.qq.com/es/stats.shtml?bmid=6909,LPL,2021,Spring,0,2021-01-09 09:22:00,1,11.01,100,Blue,team,,Top Esports,,Olaf,Renekton,Zoe,Twisted Fate,Orianna,2050,0,3,9,6,3,9,0,0,0,0,1,,,,0.0878,0.3512,1,2,2,2,2,0,0,1,1,,0,0,1,2,0,0,0,1,1,3,6,1,1,0,1,63315,1853.1220,,2559.0146,1990.8585,101,2.9561,83,2.4293,40,251,7.3463,54617,32329,946.2146,,53550,-0.000466744,,,243,162,13,,16177,19640,380,15445,19565,360,732,75,20,1,1,0,0,0,1,24815,31121,608,23864,31228,590,951,-107,18,1,1,0,0,0,1
6909-9183,complete,https://lpl.qq.com/es/stats.shtml?bmid=6909,LPL,2021,Spring,0,2021-01-09 09:22:00,1,11.01,200,Red,team,,Suning,,Graves,Ornn,Akali,Kennen,Jayce,2050,1,9,3,28,9,3,1,0,0,0,0,,,,0.2634,0.3512,0,2,2,2,2,2,0,0,0,,0,0,0,0,2,1,1,0,0,6,3,0,0,1,0,58406,1709.4439,,2940.4390,2526.6146,161,4.7122,61,1.7854,46,307,8.9854,60520,38232,1118.9854,,53575,0.000466744,,,268,199,12,,15445,19565,360,16177,19640,380,-732,-75,-20,0,0,1,1,1,0,23864,31228,590,24815,31121,608,-951,107,-18,0,0,1,1,1,0
6909-9184,complete,https://lpl.qq.com/es/stats.shtml?bmid=6909,LPL,2021,Spring,0,2021-01-09 10:16:00,2,11.01,1,Blue,top,369,Top Esports,Jax,Olaf,Aatrox,Renekton,Galio,Leona,2241,0,0,7,5,16,27,0,0,0,0,0,0,0,1,0.4284,1.1513,,,,,,,,,,,,,,,,,,,,,,,,,,12954,346.8273,0.153273,852.1285,684.4444,17,0.4552,6,0.1606,4,37,0.9906,14213,9366,250.7631,0.206041,12433,,306,267,39,19,5,8.1928,3315,4743,77,3254,4527,66,61,216,11,0,2,1,1,0,1,5642,7462,124,5237,7857,107,405,-395,17,0,3,2,2,2,2
6909-9184,complete,https://lpl.qq.com/es/stats.shtml?bmid=6909,LPL,2021,Spring,0,2021-01-09 10:16:00,2,11.01,2,Blue,jng,Karsa,Top Esports,Hecarim,Olaf,Aatrox,Renekton,Galio,Leona,2241,0,5,6,6,16,27,1,0,0,0,0,0,0,0,0.4284,1.1513,,,,,,,,,,,,,,,,,,,,,,,,,,14604,391.0040,0.172796,1208.3534,916.3588,13,0.3481,13,0.3481,10,57,1.5261,13537,8690,232.6640,0.191169,12833,,219,35,184,112,1,5.8635,4194,4584,75,3401,3832,71,793,752,4,2,0,0,0,1,1,6241,6680,103,5119,6052,101,1122,628,2,3,2,2,1,2,3
6909-9184,complete,https://lpl.qq.com/es/stats.shtml?bmid=6909,LPL,2021,Spring,0,2021-01-09 10:16:00,2,11.01,3,Blue,mid,knight,Top Esports,Orianna,Olaf,Aatrox,Renekton,Galio,Leona,2241,0,8,4,4,16,27,1,0,0,0,0,0,0,0,0.4284,1.1513,,,,,,,,,,,,,,,,,,,,,,,,,,30516,817.0281,0.361068,462.6506,415.4485,10,0.2677,15,0.4016,5,48,1.2851,16077,11230,300.6693,0.247048,15275,,316,281,35,33,1,8.4605,3367,4800,97,3152,4746,80,215,54,17,0,0,0,0,0,0,5979,7847,152,5105,8181,144,874,-334,8,2,0,1,0,1,0
6909-9184,complete,https://lpl.qq.com/es/stats.shtml?bmid=6909,LPL,2021,Spring,0,2021-01-09 10:16:00,2,11.01,4,Blue,bot,JackeyLove,Top Esports,Samira,Olaf,Aatrox,Renekton,Galio,Leona,2241,0,2,4,4,16,27,0,0,0,0,0,0,0,0,0.4284,1.1513,,,,,,,,,,,,,,,,,,,,,,,,,,20218,541.3119,0.239221,688.2195,333.7617,13,0.3481,11,0.2945,5,30,0.8032,16900,12053,322.7041,0.265153,16095,,348,320,28,17,8,9.3173,3767,3209,98,3353,3635,91,414,-426,7,0,0,0,0,0,0,6283,6268,159,6228,6349,143,55,-81,16,0,0,0,3,0,0
6909-9184,complete,https://lpl.qq.com/es/stats.shtml?bmid=6909,LPL,2021,Spring,0,2021-01-09 10:16:00,2,11.01,5,Blue,sup,Zhuo,Top Esports,Alistar,Olaf,Aatrox,Renekton,Galio,Leona,2241,0,1,6,8,16,27,0,0,0,0,0,0,0,0,0.4284,1.1513,,,,,,,,,,,,,,,,,,,,,,,,,,6224,166.6399,0.0736429,579.0629,751.6466,68,1.8206,28,0.7497,18,129,3.4538,8965,4118,110.2544,0.0905882,8900,,54,54,0,0,0,1.4458,2109,2684,14,2090,2116,13,19,568,1,0,0,0,0,0,0,3210,3901,22,3521,4139,21,-311,-238,1,0,1,1,0,4,0
6909-9184,complete,https://lpl.qq.com/es/stats.shtml?bmid=6909,LPL,2021,Spring,0,2021-01-09 10:16:00,2,11.01,6,Red,top,Bin,Suning,Camille,Graves,Ornn,Akali,Pantheon,Taliyah,2241,1,11,3,12,27,17,2,0,0,0,1,1,0,0,0.7229,1.1513,,,,,,,,,,,,,,,,,,,,,,,,,,25712,688.4070,0.263702,973.8688,1032.1285,14,0.3748,11,0.2945,9,45,1.2048,17428,12581,336.8407,0.2733,17358,,270,252,18,8,0,7.2289,3254,4527,66,3315,4743,77,-61,-216,-11,1,0,1,0,2,1,5237,7857,107,5642,7462,124,-405,395,-17,2,2,2,0,3,2
6909-9184,complete,https://lpl.qq.com/es/stats.shtml?bmid=6909,LPL,2021,Spring,0,2021-01-09 10:16:00,2,11.01,7,Red,jng,SofM,Suning,Lillia,Graves,Ornn,Akali,Pantheon,Taliyah,2241,1,2,8,14,27,17,0,0,0,0,1,0,1,0,0.7229,1.1513,,,,,,,,,,,,,,,,,,,,,,,,,,13548,362.7309,0.138948,918.2865,498.1526,43,1.1513,15,0.4016,15,83,2.2222,11654,6807,182.2490,0.147868,10725,,188,55,133,106,0,5.0335,3401,3832,71,4194,4584,75,-793,-752,-4,0,1,1,2,0,0,5119,6052,101,6241,6680,103,-1122,-628,-2,1,2,3,3,2,2
6909-9184,complete,https://lpl.qq.com/es/stats.shtml?bmid=6909,LPL,2021,Spring,0,2021-01-09 10:16:00,2,11.01,8,Red,mid,Angel,Suning,Viktor,Graves,Ornn,Akali,Pantheon,Taliyah,2241,1,4,2,13,27,17,1,0,0,0,0,0,0,0,0.7229,1.1513,,,,,,,,,,,,,,,,,,,,,,,,,,28284,757.2691,0.29008,370.6292,418.5810,17,0.4552,6,0.1606,5,46,1.2316,15091,10244,274.2704,0.222532,13725,,332,287,45,45,0,8.8889,3152,4746,80,3367,4800,97,-215,-54,-17,0,0,0,0,0,0,5105,8181,144,5979,7847,152,-874,334,-8,0,1,0,2,0,1
6909-9184,complete,https://lpl.qq.com/es/stats.shtml?bmid=6909,LPL,2021,Spring,0,2021-01-09 10:16:00,2,11.01,9,Red,bot,huanfeng,Suning,Kai'Sa,Graves,Ornn,Akali,Pantheon,Taliyah,2241,1,10,0,10,27,17,3,1,0,0,0,0,0,0,0.7229,1.1513,,,,,,,,,,,,,,,,,,,,,,,,,,18137,485.5957,0.186013,503.0254,337.3226,17,0.4552,11,0.2945,4,49,1.3119,18299,13452,360.1606,0.292221,17000,,365,309,56,36,10,9.7724,3353,3635,91,3767,3209,98,-414,426,-7,0,0,0,0,0,0,6228,6349,143,6283,6268,159,-55,81,-16,3,0,0,0,0,0
6909-9184,complete,https://lpl.qq.com/es/stats.shtml?bmid=6909,LPL,2021,Spring,0,2021-01-09 10:16:00,2,11.01,10,Red,sup,ON,Suning,Maokai,Graves,Ornn,Akali,Pantheon,Taliyah,2241,1,0,4,10,27,17,0,0,0,0,0,0,0,0,0.7229,1.1513,,,,,,,,,,,,,,,,,,,,,,,,,,11823,316.5462,0.121257,426.8273,235.6359,64,1.7135,12,0.3213,16,100,2.6774,7797,2950,78.9826,0.0640795,7750,,36,36,0,0,0,0.9639,2090,2116,13,2109,2684,14,-19,-568,-1,0,0,0,0,0,0,3521,4139,21,3210,3901,22,311,238,-1,0,4,0,0,1,1
6909-9184,complete,https://lpl.qq.com/es/stats.shtml?bmid=6909,LPL,2021,Spring,0,2021-01-09 10:16:00,2,11.01,100,Blue,team,,Top Esports,,Olaf,Aatrox,Renekton,Galio,Leona,2241,0,16,27,27,16,27,2,0,0,0,0,,,,0.4284,1.1513,0,3,2,3,2,0,0,2,1,,0,0,1,2,0,1,2,0,1,6,7,1,1,0,2,84516,2262.8112,,3790.4150,3101.6600,121,3.2396,73,1.9545,42,301,8.0589,69692,45456,1217.0281,,65536,-0.0154738,,,286,181,15,,16752,20020,361,15250,18856,321,1502,1164,40,2,2,1,1,1,2,27355,32158,560,25210,32578,516,2145,-420,44,5,6,6,6,9,5
6909-9184,complete,https://lpl.qq.com/es/stats.shtml?bmid=6909,LPL,2021,Spring,0,2021-01-09 10:16:00,2,11.01,200,Red,team,,Suning,,Graves,Ornn,Akali,Pantheon,Taliyah,2241,1,27,17,59,27,17,6,1,0,0,1,,,,0.7229,1.1513,1,2,3,2,3,1,0,1,0,,0,0,0,0,2,0,0,2,0,7,6,0,0,2,0,97504,2610.5489,,3192.6372,2521.8206,155,4.1499,55,1.4726,49,323,8.6479,70269,46033,1232.4766,,66558,0.0154738,,,252,195,10,,15250,18856,321,16752,20020,361,-1502,-1164,-40,1,1,2,2,2,1,25210,32578,516,27355,32158,560,-2145,420,-44,6,9,5,5,6,6
6910-9189,complete,https://lpl.qq.com/es/stats.shtml?bmid=6910,LPL,2021,Spring,0,2021-01-09 11:30:00,1,11.01,1,Blue,top,New,Oh My God,Camille,Syndra,Zoe,Akali,Jayce,Thresh,1887,0,0,3,1,4,15,0,0,0,0,1,0,1,0,0.1272,0.6041,,,,,,,,,,,,,,,,,,,,,,,,,,8434,268.1717,0.225804,737.8696,530.8108,13,0.4134,8,0.2544,4,31,0.9857,11183,7058,224.4197,0.231259,11350,,278,263,15,10,0,8.8394,3194,4272,75,3080,4462,78,114,-190,-3,0,1,0,0,0,1,5105,7078,127,4840,7140,130,265,-62,-3,0,1,0,0,0,1
6910-9189,complete,https://lpl.qq.com/es/stats.shtml?bmid=6910,LPL,2021,Spring,0,2021-01-09 11:30:00,1,11.01,2,Blue,jng,Aki,Oh My God,Kindred,Syndra,Zoe,Akali,Jayce,Thresh,1887,0,1,2,2,4,15,0,0,0,0,0,0,0,0,0.1272,0.6041,,,,,,,,,,,,,,,,,,,,,,,,,,8951,284.6105,0.239646,758.6963,365.9777,8,0.2544,12,0.3816,8,44,1.3990,9329,5204,165.4690,0.170511,8525,,186,15,171,125,7,5.9141,3279,3368,61,3574,3832,69,-295,-464,-8,1,0,0,1,1,0,4879,5629,102,5451,6477,108,-572,-848,-6,1,0,0,2,1,0
6910-9189,complete,https://lpl.qq.com/es/stats.shtml?bmid=6910,LPL,2021,Spring,0,2021-01-09 11:30:00,1,11.01,3,Blue,mid,Wuming,Oh My God,Twisted Fate,Syndra,Zoe,Akali,Jayce,Thresh,1887,0,2,6,1,4,15,0,0,0,0,1,1,0,0,0.1272,0.6041,,,,,,,,,,,,,,,,,,,,,,,,,,6073,193.1002,0.162593,561.1129,320.1908,12,0.3816,5,0.1590,3,19,0.6041,11516,7391,235.0079,0.24217,11525,,243,231,12,12,0,7.7266,3863,4571,82,3404,4589,79,459,-18,3,1,0,1,0,2,1,5687,6871,129,5766,7737,139,-79,-866,-10,1,0,2,0,3,1
6910-9189,complete,https://lpl.qq.com/es/stats.shtml?bmid=6910,LPL,2021,Spring,0,2021-01-09 11:30:00,1,11.01,4,Blue,bot,Eric,Oh My God,Jhin,Syndra,Zoe,Akali,Jayce,Thresh,1887,0,1,1,2,4,15,0,0,0,0,0,0,0,0,0.1272,0.6041,,,,,,,,,,,,,,,,,,,,,,,,,,9017,286.7091,0.241413,312.4960,178.0604,26,0.8267,12,0.3816,4,59,1.8760,12685,8560,272.1781,0.280473,12125,,312,292,20,16,0,9.9205,3320,3250,87,3366,3182,92,-46,68,-5,0,1,0,0,1,0,5219,5773,143,5068,5279,141,151,494,2,0,1,0,0,1,0
6910-9189,complete,https://lpl.qq.com/es/stats.shtml?bmid=6910,LPL,2021,Spring,0,2021-01-09 11:30:00,1,11.01,5,Blue,sup,COLD,Oh My God,Galio,Syndra,Zoe,Akali,Jayce,Thresh,1887,0,0,3,3,4,15,0,0,0,0,0,0,0,0,0.1272,0.6041,,,,,,,,,,,,,,,,,,,,,,,,,,4876,155.0397,0.130545,407.7583,517.7424,45,1.4308,10,0.3180,13,74,2.3529,6432,2307,73.3545,0.0755881,6225,,47,47,0,0,0,1.4944,2186,2944,17,2388,2647,15,-202,297,2,0,1,1,1,0,0,3241,3933,26,3463,3869,25,-222,64,1,0,1,1,1,0,0
6910-9189,complete,https://lpl.qq.com/es/stats.shtml?bmid=6910,LPL,2021,Spring,0,2021-01-09 11:30:00,1,11.01,6,Red,top,Flandre,EDward Gaming,Gragas,Samira,Kai'Sa,Pantheon,Aatrox,Ornn,1887,1,1,1,5,15,4,0,0,0,0,0,0,0,1,0.4769,0.6041,,,,,,,,,,,,,,,,,,,,,,,,,,8457,268.9030,0.154587,445.1510,371.4149,6,0.1908,9,0.2862,2,25,0.7949,12196,8071,256.6296,0.201207,10835,,270,254,16,12,0,8.5851,3080,4462,78,3194,4272,75,-114,190,3,0,0,1,0,1,0,4840,7140,130,5105,7078,127,-265,62,3,0,0,1,0,1,0
6910-9189,complete,https://lpl.qq.com/es/stats.shtml?bmid=6910,LPL,2021,Spring,0,2021-01-09 11:30:00,1,11.01,7,Red,jng,Jiejie,EDward Gaming,Olaf,Samira,Kai'Sa,Pantheon,Aatrox,Ornn,1887,1,4,1,9,15,4,1,0,0,0,0,0,0,0,0.4769,0.6041,,,,,,,,,,,,,,,,,,,,,,,,,,11357,361.1129,0.207597,963.0525,786.5183,10,0.3180,20,0.6359,9,67,2.1304,11794,7669,243.8474,0.191185,9675,,198,38,160,103,6,6.2957,3574,3832,69,3279,3368,61,295,464,8,1,1,0,1,0,0,5451,6477,108,4879,5629,102,572,848,6,2,1,0,1,0,0
6910-9189,complete,https://lpl.qq.com/es/stats.shtml?bmid=6910,LPL,2021,Spring,0,2021-01-09 11:30:00,1,11.01,8,Red,mid,Scout,EDward Gaming,Orianna,Samira,Kai'Sa,Pantheon,Aatrox,Ornn,1887,1,3,1,7,15,4,0,0,0,0,0,0,0,0,0.4769,0.6041,,,,,,,,,,,,,,,,,,,,,,,,,,10151,322.7663,0.185552,207.0270,236.0572,14,0.4452,10,0.3180,3,33,1.0493,14590,10465,332.7504,0.260889,12405,,326,292,34,24,4,10.3657,3404,4589,79,3863,4571,82,-459,18,-3,0,2,1,1,0,1,5766,7737,139,5687,6871,129,79,866,10,0,3,1,1,0,2
6910-9189,complete,https://lpl.qq.com/es/stats.shtml?bmid=6910,LPL,2021,Spring,0,2021-01-09 11:30:00,1,11.01,9,Red,bot,Viper,EDward Gaming,Miss Fortune,Samira,Kai'Sa,Pantheon,Aatrox,Ornn,1887,1,5,0,7,15,4,1,0,0,0,0,0,0,0,0.4769,0.6041,,,,,,,,,,,,,,,,,,,,,,,,,,21953,698.0286,0.401283,183.9110,321.1129,13,0.4134,15,0.4769,6,37,1.1765,14281,10156,322.9253,0.253185,11925,,320,294,26,17,4,10.1749,3366,3182,92,3320,3250,87,46,-68,5,0,1,0,0,1,0,5068,5279,141,5219,5773,143,-151,-494,-2,0,1,0,0,1,0
6910-9189,complete,https://lpl.qq.com/es/stats.shtml?bmid=6910,LPL,2021,Spring,0,2021-01-09 11:30:00,1,11.01,10,Red,sup,Meiko,EDward Gaming,Leona,Samira,Kai'Sa,Pantheon,Aatrox,Ornn,1887,1,2,1,7,15,4,0,0,0,0,0,0,0,0,0.4769,0.6041,,,,,,,,,,,,,,,,,,,,,,,,,,2789,88.6804,0.0509807,229.0938,297.7107,50,1.5898,4,0.1272,14,77,2.4483,7877,3752,119.3005,0.0935347,6350,,32,32,0,0,0,1.0175,2388,2647,15,2186,2944,17,202,-297,-2,1,0,0,0,1,1,3463,3869,25,3241,3933,26,222,-64,-1,1,0,0,0,1,1
6910-9189,complete,https://lpl.qq.com/es/stats.shtml?bmid=6910,LPL,2021,Spring,0,2021-01-09 11:30:00,1,11.01,100,Blue,team,,Oh My God,,Syndra,Zoe,Akali,Jayce,Thresh,1887,0,4,15,9,4,15,0,0,0,0,1,,,,0.1272,0.6041,1,1,4,1,4,0,0,0,1,,0,0,1,2,0,0,0,1,0,3,9,0,0,0,1,37351,1187.6312,,2777.9332,1912.7822,104,3.3068,47,1.4944,32,227,7.2178,51145,30520,970.4293,,49750,-0.0285318,,,218,163,7,,15842,18405,322,15812,18712,333,30,-307,-11,2,3,2,2,4,2,24131,29284,527,24588,30502,543,-457,-1218,-16,2,3,3,3,5,2
6910-9189,complete,https://lpl.qq.com/es/stats.shtml?bmid=6910,LPL,2021,Spring,0,2021-01-09 11:30:00,1,11.01,200,Red,team,,EDward Gaming,,Samira,Kai'Sa,Pantheon,Aatrox,Ornn,1887,1,15,4,35,15,4,2,0,0,0,0,,,,0.4769,0.6041,0,4,1,4,1,0,1,3,0,,0,0,0,0,2,1,1,0,1,9,3,1,1,1,0,54707,1739.4913,,2028.2353,2012.8140,93,2.9571,58,1.8442,34,239,7.5994,60738,40113,1275.4531,,51190,0.0285318,,,236,156,14,,15812,18712,333,15842,18405,322,-30,307,11,2,4,2,2,3,2,24588,30502,543,24131,29284,527,457,1218,16,3,5,2,2,3,3
6910-9190,complete,https://lpl.qq.com/es/stats.shtml?bmid=6910,LPL,2021,Spring,0,2021-01-09 12:23:00,2,11.01,1,Blue,top,Flandre,EDward Gaming,Volibear,Aatrox,Pantheon,Ornn,Yone,Lucian,2010,0,3,3,4,8,18,0,0,0,0,0,0,0,0,0.2388,0.7761,,,,,,,,,,,,,,,,,,,,,,,,,,19167,572.1493,0.280068,954.9552,1497.3731,9,0.2687,9,0.2687,6,36,1.0746,12433,8057,240.5075,0.248842,11300,,265,253,12,3,0,7.9104,3571,4604,79,3088,4696,80,483,-92,-1,1,0,0,0,0,1,5547,7914,130,4933,7526,132,614,388,-2,2,0,0,0,0,2
6910-9190,complete,https://lpl.qq.com/es/stats.shtml?bmid=6910,LPL,2021,Spring,0,2021-01-09 12:23:00,2,11.01,2,Blue,jng,Jiejie,EDward Gaming,Hecarim,Aatrox,Pantheon,Ornn,Yone,Lucian,2010,0,1,3,3,8,18,0,0,0,0,0,0,0,0,0.2388,0.7761,,,,,,,,,,,,,,,,,,,,,,,,,,6337,189.1642,0.0925961,961.4925,626.8060,13,0.3881,12,0.3582,11,40,1.1940,9851,5475,163.4328,0.169096,9105,,192,39,153,118,0,5.7313,3071,3365,58,3347,3643,66,-276,-278,-8,0,1,0,1,1,0,4705,6145,102,5251,5921,103,-546,224,-1,0,1,0,1,2,0
6910-9190,complete,https://lpl.qq.com/es/stats.shtml?bmid=6910,LPL,2021,Spring,0,2021-01-09 12:23:00,2,11.01,3,Blue,mid,Scout,EDward Gaming,Orianna,Aatrox,Pantheon,Ornn,Yone,Lucian,2010,0,2,4,5,8,18,0,0,0,0,0,0,0,0,0.2388,0.7761,,,,,,,,,,,,,,,,,,,,,,,,,,19411,579.4328,0.283633,400.0896,329.0149,14,0.4179,7,0.2090,4,38,1.1343,12847,8471,252.8657,0.261628,12100,,295,259,36,33,0,8.8060,3305,4691,88,3533,4620,81,-228,71,7,0,1,0,1,1,0,5125,7445,144,5577,7682,136,-452,-237,8,0,1,1,2,1,0
6910-9190,complete,https://lpl.qq.com/es/stats.shtml?bmid=6910,LPL,2021,Spring,0,2021-01-09 12:23:00,2,11.01,4,Blue,bot,Viper,EDward Gaming,Samira,Aatrox,Pantheon,Ornn,Yone,Lucian,2010,0,1,4,3,8,18,0,0,0,0,0,0,0,0,0.2388,0.7761,,,,,,,,,,,,,,,,,,,,,,,,,,7784,232.3582,0.11374,527.9403,316.1194,14,0.4179,8,0.2388,6,41,1.2239,12136,7760,231.6418,0.239669,12205,,306,290,16,16,0,9.1343,3102,2850,81,3813,3417,92,-711,-567,-11,0,0,1,0,3,0,4993,5063,135,6566,6181,156,-1573,-1118,-21,0,0,1,1,4,0
6910-9190,complete,https://lpl.qq.com/es/stats.shtml?bmid=6910,LPL,2021,Spring,0,2021-01-09 12:23:00,2,11.01,5,Blue,sup,Meiko,EDward Gaming,Maokai,Aatrox,Pantheon,Ornn,Yone,Lucian,2010,0,1,4,3,8,18,0,0,0,0,0,0,0,1,0.2388,0.7761,,,,,,,,,,,,,,,,,,,,,,,,,,15738,469.7910,0.229963,353.2537,202.2985,37,1.1045,17,0.5075,12,78,2.3284,6991,2615,78.0597,0.0807647,6625,,50,50,0,0,0,1.4925,2037,2334,17,2608,2851,16,-571,-517,1,0,0,2,1,2,0,3019,3410,24,4127,4128,25,-1108,-718,-1,0,0,3,1,4,0
6910-9190,complete,https://lpl.qq.com/es/stats.shtml?bmid=6910,LPL,2021,Spring,0,2021-01-09 12:23:00,2,11.01,6,Red,top,New,Oh My God,Renekton,Syndra,Akali,Olaf,Leona,Gragas,2010,1,0,3,8,18,8,0,0,0,0,0,0,0,0,0.5373,0.7761,,,,,,,,,,,,,,,,,,,,,,,,,,17659,527.1343,0.263551,1079.6716,846.8060,10,0.2985,6,0.1791,4,26,0.7761,12410,8034,239.8209,0.187983,10560,,282,268,14,7,0,8.4179,3088,4696,80,3571,4604,79,-483,92,1,0,0,1,1,0,0,4933,7526,132,5547,7914,130,-614,-388,2,0,0,2,2,0,0
6910-9190,complete,https://lpl.qq.com/es/stats.shtml?bmid=6910,LPL,2021,Spring,0,2021-01-09 12:23:00,2,11.01,7,Red,jng,Aki,Oh My God,Taliyah,Syndra,Akali,Olaf,Leona,Gragas,2010,1,4,0,8,18,8,1,0,0,0,0,0,0,0,0.5373,0.7761,,,,,,,,,,,,,,,,,,,,,,,,,,11061,330.1791,0.16508,649.7313,288.8955,8,0.2388,6,0.1791,7,36,1.0746,12214,7838,233.9701,0.183397,10875,,220,36,184,126,16,6.5672,3347,3643,66,3071,3365,58,276,278,8,1,1,0,0,1,0,5251,5921,103,4705,6145,102,546,-224,1,1,2,0,0,1,0
6910-9190,complete,https://lpl.qq.com/es/stats.shtml?bmid=6910,LPL,2021,Spring,0,2021-01-09 12:23:00,2,11.01,8,Red,mid,Wuming,Oh My God,Galio,Syndra,Akali,Olaf,Leona,Gragas,2010,1,4,1,11,18,8,0,0,0,0,0,0,0,0,0.5373,0.7761,,,,,,,,,,,,,,,,,,,,,,,,,,11545,344.6269,0.172303,410.6269,845.1343,15,0.4478,2,0.0597,4,29,0.8657,13559,9183,274.1194,0.214867,10785,,267,261,6,3,0,7.9701,3533,4620,81,3305,4691,88,228,-71,-7,1,1,0,0,1,0,5577,7682,136,5125,7445,144,452,237,-8,2,1,0,0,1,1
6910-9190,complete,https://lpl.qq.com/es/stats.shtml?bmid=6910,LPL,2021,Spring,0,2021-01-09 12:23:00,2,11.01,9,Red,bot,Eric,Oh My God,Kai'Sa,Syndra,Akali,Olaf,Leona,Gragas,2010,1,6,2,11,18,8,0,0,0,0,1,0,1,0,0.5373,0.7761,,,,,,,,,,,,,,,,,,,,,,,,,,20446,610.3284,0.305146,574.9552,354.0000,28,0.8358,15,0.4478,4,56,1.6716,16640,12264,366.0896,0.286958,13830,,339,311,28,18,0,10.1194,3813,3417,92,3102,2850,81,711,567,11,0,3,0,0,0,1,6566,6181,156,4993,5063,135,1573,1118,21,1,4,0,0,0,1
6910-9190,complete,https://lpl.qq.com/es/stats.shtml?bmid=6910,LPL,2021,Spring,0,2021-01-09 12:23:00,2,11.01,10,Red,sup,COLD,Oh My God,Alistar,Syndra,Akali,Olaf,Leona,Gragas,2010,1,4,2,11,18,8,0,0,0,0,1,1,0,0,0.5373,0.7761,,,,,,,,,,,,,,,,,,,,,,,,,,6293,187.8507,0.0939198,568.9851,913.2537,44,1.3134,13,0.3881,14,87,2.5970,9795,5419,161.7612,0.126796,9400,,39,39,0,0,0,1.1642,2608,2851,16,2037,2334,17,571,517,-1,1,2,0,0,0,2,4127,4128,25,3019,3410,24,1108,718,1,1,4,0,0,0,3
6910-9190,complete,https://lpl.qq.com/es/stats.shtml?bmid=6910,LPL,2021,Spring,0,2021-01-09 12:23:00,2,11.01,100,Blue,team,,EDward Gaming,,Aatrox,Pantheon,Ornn,Yone,Lucian,2010,0,8,18,18,8,18,0,0,0,0,0,,,,0.2388,0.7761,0,1,4,1,4,0,0,0,1,,0,0,0,1,1,0,0,1,0,2,11,0,0,0,3,68437,2042.8955,,3197.7313,2971.6119,87,2.5970,53,1.5821,39,233,6.9552,54258,32378,966.5075,,51335,-0.0770708,,,217,170,0,,15086,17844,323,16389,19227,335,-1303,-1383,-12,1,2,3,3,7,1,23389,29977,535,26454,31438,552,-3065,-1461,-17,2,2,5,5,11,2
6910-9190,complete,https://lpl.qq.com/es/stats.shtml?bmid=6910,LPL,2021,Spring,0,2021-01-09 12:23:00,2,11.01,200,Red,team,,Oh My God,,Syndra,Akali,Olaf,Leona,Gragas,2010,1,18,8,49,18,8,1,0,0,0,1,,,,0.5373,0.7761,1,4,1,4,1,0,1,1,2,,0,0,1,1,1,1,1,0,1,11,2,1,1,3,0,67004,2000.1194,,3283.9701,3248.0896,105,3.1343,42,1.2537,33,234,6.9851,64618,42738,1275.7612,,55450,0.0770708,,,232,154,16,,16389,19227,335,15086,17844,323,1303,1383,12,3,7,1,1,2,3,26454,31438,552,23389,29977,535,3065,1461,17,5,11,2,2,2,5
6910-9191,complete,https://lpl.qq.com/es/stats.shtml?bmid=6910,LPL,2021,Spring,0,2021-01-09 13:19:00,3,11.01,1,Blue,top,New,Oh My God,Kennen,Syndra,Akali,Olaf,Leona,Sett,2159,0,3,6,3,8,16,0,0,0,0,0,0,0,0,0.2223,0.6670,,,,,,,,,,,,,,,,,,,,,,,,,,21011,583.9092,0.341792,573.2932,509.8472,15,0.4169,3,0.0834,7,41,1.1394,13583,8903,247.4201,0.25814,13525,,261,253,8,3,0,7.2534,3486,4483,74,3393,4460,71,93,23,3,1,0,1,1,0,1,5436,7074,110,5756,7466,118,-320,-392,-8,1,2,3,2,1,2
6910-9191,complete,https://lpl.qq.com/es/stats.shtml?bmid=6910,LPL,2021,Spring,0,2021-01-09 13:19:00,3,11.01,2,Blue,jng,Aki,Oh My God,Graves,Syndra,Akali,Olaf,Leona,Sett,2159,0,2,2,6,8,16,0,0,0,0,1,0,1,0,0.2223,0.6670,,,,,,,,,,,,,,,,,,,,,,,,,,12612,350.4956,0.205163,636.7392,524.9375,10,0.2779,7,0.1945,9,44,1.2228,12286,7606,211.3756,0.220534,11475,,250,58,192,118,17,6.9477,3661,4309,83,3357,3639,65,304,670,18,0,2,0,0,1,0,5245,6616,116,5048,5492,88,197,1124,28,0,4,0,1,2,1
6910-9191,complete,https://lpl.qq.com/es/stats.shtml?bmid=6910,LPL,2021,Spring,0,2021-01-09 13:19:00,3,11.01,3,Blue,mid,Wuming,Oh My God,Zoe,Syndra,Akali,Olaf,Leona,Sett,2159,0,3,2,3,8,16,1,0,0,0,1,1,0,0,0.2223,0.6670,,,,,,,,,,,,,,,,,,,,,,,,,,16415,456.1834,0.267028,308.5317,222.0750,15,0.4169,7,0.1945,5,38,1.0560,11570,6890,191.4775,0.199774,11310,,240,211,29,29,0,6.6698,3683,4691,84,3494,4944,101,189,-253,-17,1,1,0,0,0,1,6138,7538,130,5539,8358,170,599,-820,-40,3,1,0,0,0,1
6910-9191,complete,https://lpl.qq.com/es/stats.shtml?bmid=6910,LPL,2021,Spring,0,2021-01-09 13:19:00,3,11.01,4,Blue,bot,Eric,Oh My God,Miss Fortune,Syndra,Akali,Olaf,Leona,Sett,2159,0,0,2,3,8,16,0,0,0,0,0,0,0,0,0.2223,0.6670,,,,,,,,,,,,,,,,,,,,,,,,,,9194,255.5072,0.149562,359.3052,351.6072,14,0.3891,12,0.3335,6,43,1.1950,13329,8649,240.3613,0.250775,12400,,360,328,32,30,0,10.0046,3148,3177,86,3369,3422,91,-221,-245,-5,0,0,0,0,0,0,5317,6027,150,5569,6138,157,-252,-111,-7,0,0,0,0,0,0
6910-9191,complete,https://lpl.qq.com/es/stats.shtml?bmid=6910,LPL,2021,Spring,0,2021-01-09 13:19:00,3,11.01,5,Blue,sup,COLD,Oh My God,Thresh,Syndra,Akali,Olaf,Leona,Sett,2159,0,0,4,4,8,16,0,0,0,0,0,0,0,0,0.2223,0.6670,,,,,,,,,,,,,,,,,,,,,,,,,,2241,62.2788,0.036455,419.3052,455.8221,57,1.5841,15,0.4169,18,95,2.6401,7121,2441,67.8370,0.0707769,6450,,42,42,0,0,0,1.1672,2236,2517,19,2278,2534,20,-42,-17,-1,0,0,0,0,0,0,3395,3557,30,3343,3523,29,52,34,1,0,0,0,0,0,0
6910-9191,complete,https://lpl.qq.com/es/stats.shtml?bmid=6910,LPL,2021,Spring,0,2021-01-09 13:19:00,3,11.01,6,Red,top,Flandre,EDward Gaming,Aatrox,Samira,Taliyah,Kai'Sa,Alistar,Renekton,2159,1,5,3,6,16,8,0,0,0,0,0,0,0,0,0.4447,0.6670,,,,,,,,,,,,,,,,,,,,,,,,,,15548,432.0889,0.259722,1048.7355,721.1116,7,0.1945,15,0.4169,7,52,1.4451,15230,10550,293.1913,0.237896,12325,,298,286,12,5,0,8.2816,3393,4460,71,3486,4483,74,-93,-23,-3,1,0,1,1,0,1,5756,7466,118,5436,7074,110,320,392,8,2,1,2,1,2,3
6910-9191,complete,https://lpl.qq.com/es/stats.shtml?bmid=6910,LPL,2021,Spring,0,2021-01-09 13:19:00,3,11.01,7,Red,jng,Jiejie,EDward Gaming,Pantheon,Samira,Taliyah,Kai'Sa,Alistar,Renekton,2159,1,3,3,7,16,8,0,0,0,0,0,0,0,0,0.4447,0.6670,,,,,,,,,,,,,,,,,,,,,,,,,,5686,158.0176,0.094982,945.4377,568.8189,11,0.3057,13,0.3613,9,48,1.3340,11869,7189,199.7869,0.162108,10625,,179,30,149,104,2,4.9745,3357,3639,65,3661,4309,83,-304,-670,-18,0,1,0,0,2,0,5048,5492,88,5245,6616,116,-197,-1124,-28,1,2,1,0,4,0
6910-9191,complete,https://lpl.qq.com/es/stats.shtml?bmid=6910,LPL,2021,Spring,0,2021-01-09 13:19:00,3,11.01,8,Red,mid,Scout,EDward Gaming,Orianna,Samira,Taliyah,Kai'Sa,Alistar,Renekton,2159,1,3,1,8,16,8,1,0,0,0,0,0,0,1,0.4447,0.6670,,,,,,,,,,,,,,,,,,,,,,,,,,13313,369.9768,0.222387,250.0324,268.7911,15,0.4169,10,0.2779,6,63,1.7508,14988,10308,286.4660,0.232439,13790,,333,278,55,38,7,9.2543,3494,4944,101,3683,4691,84,-189,253,17,0,0,1,1,1,0,5539,8358,170,6138,7538,130,-599,820,40,0,0,1,3,1,0
6910-9191,complete,https://lpl.qq.com/es/stats.shtml?bmid=6910,LPL,2021,Spring,0,2021-01-09 13:19:00,3,11.01,9,Red,bot,Viper,EDward Gaming,Jhin,Samira,Taliyah,Kai'Sa,Alistar,Renekton,2159,1,4,1,6,16,8,0,0,0,0,0,0,0,0,0.4447,0.6670,,,,,,,,,,,,,,,,,,,,,,,,,,14077,391.2089,0.23515,356.1927,172.3576,16,0.4447,14,0.3891,5,67,1.8620,16934,12254,340.5465,0.27632,15575,,386,346,40,35,1,10.7272,3369,3422,91,3148,3177,86,221,245,5,0,0,0,0,0,0,5569,6138,157,5317,6027,150,252,111,7,0,0,0,0,0,0
6910-9191,complete,https://lpl.qq.com/es/stats.shtml?bmid=6910,LPL,2021,Spring,0,2021-01-09 13:19:00,3,11.01,10,Red,sup,Meiko,EDward Gaming,Maokai,Samira,Taliyah,Kai'Sa,Alistar,Renekton,2159,1,1,0,10,16,8,0,0,0,0,0,0,0,0,0.4447,0.6670,,,,,,,,,,,,,,,,,,,,,,,,,,11240,312.3668,0.187759,243.9185,147.0959,56,1.5563,12,0.3335,15,113,3.1403,8726,4046,112.4409,0.0912355,7525,,45,45,0,0,0,1.2506,2278,2534,20,2236,2517,19,42,17,1,0,0,0,0,0,0,3343,3523,29,3395,3557,30,-52,-34,-1,0,0,0,0,0,0
6910-9191,complete,https://lpl.qq.com/es/stats.shtml?bmid=6910,LPL,2021,Spring,0,2021-01-09 13:19:00,3,11.01,100,Blue,team,,Oh My God,,Syndra,Akali,Olaf,Leona,Sett,2159,0,8,16,19,8,16,1,0,0,0,1,,,,0.2223,0.6670,1,3,3,3,3,1,0,1,1,,0,0,1,2,0,0,0,1,0,3,9,1,1,0,2,61473,1708.3742,,2297.1746,2064.2890,111,3.0848,44,1.2228,45,261,7.2534,57889,34489,958.4715,,55160,-0.0813913,,,261,180,17,,16214,19177,346,15891,18999,348,323,178,-2,2,3,1,1,1,2,25531,30812,536,25255,30977,562,276,-165,-26,4,7,3,3,3,4
6910-9191,complete,https://lpl.qq.com/es/stats.shtml?bmid=6910,LPL,2021,Spring,0,2021-01-09 13:19:00,3,11.01,200,Red,team,,EDward Gaming,,Samira,Taliyah,Kai'Sa,Alistar,Renekton,2159,1,16,8,37,16,8,1,0,0,0,0,,,,0.4447,0.6670,0,3,3,3,3,0,0,0,3,,0,0,0,0,2,1,1,0,1,9,3,0,0,2,0,59864,1663.6591,,2844.3168,1878.1751,105,2.9180,64,1.7786,42,343,9.5322,67747,44347,1232.4317,,59840,0.0813913,,,256,182,10,,15891,18999,348,16214,19177,346,-323,-178,2,1,1,2,2,3,1,25255,30977,562,25531,30812,536,-276,165,26,3,3,4,4,7,3
6911-9185,complete,https://lpl.qq.com/es/stats.shtml?bmid=6911,LPL,2021,Spring,0,2021-01-10 09:15:00,1,11.01,1,Blue,top,Breathe,Team WE,Renekton,Akali,Yone,Lucian,Ornn,Malphite,1850,1,3,1,2,15,7,0,0,0,0,0,0,0,1,0.4865,0.7135,,,,,,,,,,,,,,,,,,,,,,,,,,8145,264.1622,0.139286,757.5892,512.4649,13,0.4216,5,0.1622,7,34,1.1027,11883,7833,254.0432,0.213502,11225,,242,218,24,3,8,7.8486,3011,4278,79,2933,4224,69,78,54,10,0,0,1,0,1,0,5633,6857,119,4285,6387,100,1348,470,19,3,0,1,0,3,0
6911-9185,complete,https://lpl.qq.com/es/stats.shtml?bmid=6911,LPL,2021,Spring,0,2021-01-10 09:15:00,1,11.01,2,Blue,jng,beishang,Team WE,Sejuani,Akali,Yone,Lucian,Ornn,Malphite,1850,1,0,1,10,15,7,0,0,0,0,0,0,0,0,0.4865,0.7135,,,,,,,,,,,,,,,,,,,,,,,,,,7099,230.2378,0.121398,826.7676,866.0108,10,0.3243,10,0.3243,10,45,1.4595,9650,5600,181.6216,0.152641,8050,,173,24,149,96,1,5.6108,3188,3592,71,3631,3625,70,-443,-33,1,0,0,0,1,0,0,4554,5213,96,5263,4983,92,-709,230,4,0,2,1,2,2,2
6911-9185,complete,https://lpl.qq.com/es/stats.shtml?bmid=6911,LPL,2021,Spring,0,2021-01-10 09:15:00,1,11.01,3,Blue,mid,Shanks,Team WE,Syndra,Akali,Yone,Lucian,Ornn,Malphite,1850,1,4,0,9,15,7,0,0,0,0,0,0,0,0,0.4865,0.7135,,,,,,,,,,,,,,,,,,,,,,,,,,20241,656.4649,0.346136,350.9189,158.9838,15,0.4865,3,0.0973,7,27,0.8757,13003,8953,290.3676,0.244028,10775,,273,232,41,31,6,8.8541,3284,4496,87,3297,4700,85,-13,-204,2,0,0,0,0,1,0,4838,6665,125,5490,7467,140,-652,-802,-15,0,3,0,1,3,1
6911-9185,complete,https://lpl.qq.com/es/stats.shtml?bmid=6911,LPL,2021,Spring,0,2021-01-10 09:15:00,1,11.01,4,Blue,bot,Jiumeng,Team WE,Samira,Akali,Yone,Lucian,Ornn,Malphite,1850,1,8,3,5,15,7,1,1,0,0,0,0,0,0,0.4865,0.7135,,,,,,,,,,,,,,,,,,,,,,,,,,18436,597.9243,0.315269,600.7784,323.1568,16,0.5189,9,0.2919,8,34,1.1027,14914,10864,352.3459,0.296113,11100,,295,262,33,17,11,9.5676,3378,3556,97,2976,2617,73,402,939,24,0,0,0,0,1,0,5189,5635,137,4690,4664,119,499,971,18,1,3,1,0,4,1
6911-9185,complete,https://lpl.qq.com/es/stats.shtml?bmid=6911,LPL,2021,Spring,0,2021-01-10 09:15:00,1,11.01,5,Blue,sup,Missing,Team WE,Alistar,Akali,Yone,Lucian,Ornn,Malphite,1850,1,0,2,12,15,7,0,0,0,0,0,0,0,0,0.4865,0.7135,,,,,,,,,,,,,,,,,,,,,,,,,,4556,147.7622,0.077911,445.1351,682.1514,45,1.4595,12,0.3892,12,74,2.4000,7488,3438,111.5027,0.0937149,6350,,41,41,0,0,0,1.3297,2046,2523,15,2164,2796,18,-118,-273,-3,0,0,0,0,1,0,3259,3680,23,3483,4104,26,-224,-424,-3,0,3,1,1,3,0
6911-9185,complete,https://lpl.qq.com/es/stats.shtml?bmid=6911,LPL,2021,Spring,0,2021-01-10 09:15:00,1,11.01,6,Red,top,Ziv,Rogue Warriors,Volibear,Olaf,Graves,Galio,Aatrox,Camille,1850,0,0,4,5,7,15,0,0,0,0,1,0,1,0,0.2270,0.7135,,,,,,,,,,,,,,,,,,,,,,,,,,10380,336.6486,0.181535,669.9243,848.5946,10,0.3243,6,0.1946,4,24,0.7784,8874,4824,156.4541,0.191277,8930,,199,195,4,1,0,6.4541,2933,4224,69,3011,4278,79,-78,-54,-10,0,1,0,0,0,1,4285,6387,100,5633,6857,119,-1348,-470,-19,0,3,0,3,0,1
6911-9185,complete,https://lpl.qq.com/es/stats.shtml?bmid=6911,LPL,2021,Spring,0,2021-01-10 09:15:00,1,11.01,7,Red,jng,Haro,Rogue Warriors,Pantheon,Olaf,Graves,Galio,Aatrox,Camille,1850,0,3,4,3,7,15,0,0,0,0,1,1,0,0,0.2270,0.7135,,,,,,,,,,,,,,,,,,,,,,,,,,6865,222.6486,0.120062,841.3297,533.5459,9,0.2919,11,0.3568,9,42,1.3622,9443,5393,174.9081,0.213837,9075,,161,26,135,107,4,5.2216,3631,3625,70,3188,3592,71,443,33,-1,1,0,0,0,0,0,5263,4983,92,4554,5213,96,709,-230,-4,2,2,2,0,2,1
6911-9185,complete,https://lpl.qq.com/es/stats.shtml?bmid=6911,LPL,2021,Spring,0,2021-01-10 09:15:00,1,11.01,8,Red,mid,Forge,Rogue Warriors,Zoe,Olaf,Graves,Galio,Aatrox,Camille,1850,0,1,4,5,7,15,0,0,0,0,1,0,1,0,0.2270,0.7135,,,,,,,,,,,,,,,,,,,,,,,,,,13576,440.3027,0.23743,448.9622,157.9459,12,0.3892,4,0.1297,7,29,0.9405,9754,5704,184.9946,0.226168,9225,,232,224,8,8,0,7.5243,3297,4700,85,3284,4496,87,13,204,-2,0,1,0,0,0,0,5490,7467,140,4838,6665,125,652,802,15,1,3,1,0,3,0
6911-9185,complete,https://lpl.qq.com/es/stats.shtml?bmid=6911,LPL,2021,Spring,0,2021-01-10 09:15:00,1,11.01,9,Red,bot,kelin,Rogue Warriors,Kai'Sa,Olaf,Graves,Galio,Aatrox,Camille,1850,0,2,3,5,7,15,0,0,0,0,1,0,1,0,0.2270,0.7135,,,,,,,,,,,,,,,,,,,,,,,,,,11977,388.4432,0.209465,370.8973,171.4054,12,0.3892,14,0.4541,7,42,1.3622,10846,6796,220.4108,0.269463,10725,,259,240,19,15,0,8.4000,2976,2617,73,3378,3556,97,-402,-939,-24,0,1,0,0,0,0,4690,4664,119,5189,5635,137,-499,-971,-18,0,4,1,1,3,1
6911-9185,complete,https://lpl.qq.com/es/stats.shtml?bmid=6911,LPL,2021,Spring,0,2021-01-10 09:15:00,1,11.01,10,Red,sup,QiuQiu,Rogue Warriors,Maokai,Olaf,Graves,Galio,Aatrox,Camille,1850,0,1,0,6,7,15,0,0,0,0,1,0,1,0,0.2270,0.7135,,,,,,,,,,,,,,,,,,,,,,,,,,14381,466.4108,0.251508,285.4703,231.3405,51,1.6541,14,0.4541,13,99,3.2108,6553,2503,81.1784,0.0992546,5875,,40,40,0,0,0,1.2973,2164,2796,18,2046,2523,15,118,273,3,0,1,0,0,0,0,3483,4104,26,3259,3680,23,224,424,3,1,3,0,0,3,1
6911-9185,complete,https://lpl.qq.com/es/stats.shtml?bmid=6911,LPL,2021,Spring,0,2021-01-10 09:15:00,1,11.01,100,Blue,team,,Team WE,,Akali,Yone,Lucian,Ornn,Malphite,1850,1,15,7,38,15,7,1,1,0,0,0,,,,0.4865,0.7135,1,3,1,3,1,0,1,1,1,,0,0,0,1,1,1,1,0,1,9,1,1,1,1,0,58477,1896.5514,,2981.1892,2542.7676,99,3.2108,39,1.2649,44,214,6.9405,56938,36690,1189.9459,,47500,0.0803679,,,247,147,26,,14907,18445,349,15001,17962,315,-94,483,34,0,0,1,1,4,0,23473,28050,500,23211,27605,477,262,445,23,4,11,4,4,15,4
6911-9185,complete,https://lpl.qq.com/es/stats.shtml?bmid=6911,LPL,2021,Spring,0,2021-01-10 09:15:00,1,11.01,200,Red,team,,Rogue Warriors,,Olaf,Graves,Galio,Aatrox,Camille,1850,0,7,15,24,7,15,0,0,0,0,1,,,,0.2270,0.7135,0,1,3,1,3,0,0,1,0,,0,0,1,1,1,0,0,1,0,1,9,0,0,0,1,57179,1854.4541,,2616.5838,1942.8324,94,3.0486,49,1.5892,40,236,7.6541,45470,25222,818.0108,,43830,-0.0803679,,,166,131,4,,15001,17962,315,14907,18445,349,94,-483,-34,1,4,0,0,0,1,23211,27605,477,23473,28050,500,-262,-445,-23,4,15,4,4,11,4
6911-9186,complete,https://lpl.qq.com/es/stats.shtml?bmid=6911,LPL,2021,Spring,0,2021-01-10 10:07:00,2,11.01,1,Blue,top,Ziv,Rogue Warriors,Gragas,Galio,Renekton,Aatrox,Camille,Zoe,1841,0,0,3,4,12,18,0,0,0,0,1,0,1,0,0.3911,0.9451,,,,,,,,,,,,,,,,,,,,,,,,,,6513,212.2651,0.136255,563.9218,506.2357,16,0.5215,1,0.0326,5,25,0.8148,8116,4085,133.1342,0.132091,8375,,159,151,8,5,0,5.1820,2705,3523,51,3682,4543,92,-977,-1020,-41,0,2,0,1,0,1,4061,5544,82,5675,6786,132,-1614,-1242,-50,0,3,0,2,0,1
6911-9186,complete,https://lpl.qq.com/es/stats.shtml?bmid=6911,LPL,2021,Spring,0,2021-01-10 10:07:00,2,11.01,2,Blue,jng,Haro,Rogue Warriors,Graves,Galio,Renekton,Aatrox,Camille,Zoe,1841,0,3,5,4,12,18,0,0,0,0,1,0,1,0,0.3911,0.9451,,,,,,,,,,,,,,,,,,,,,,,,,,7111,231.7545,0.148766,515.1005,355.4373,11,0.3585,13,0.4237,10,47,1.5318,10328,6297,205.2254,0.203622,9900,,203,45,158,114,0,6.6160,3211,3180,53,3095,3446,66,116,-266,-13,1,2,1,0,1,0,5374,5868,99,4804,5744,106,570,124,-7,2,3,2,0,2,1
6911-9186,complete,https://lpl.qq.com/es/stats.shtml?bmid=6911,LPL,2021,Spring,0,2021-01-10 10:07:00,2,11.01,3,Blue,mid,Forge,Rogue Warriors,Syndra,Galio,Renekton,Aatrox,Camille,Zoe,1841,0,1,3,5,12,18,0,0,0,0,0,0,0,0,0.3911,0.9451,,,,,,,,,,,,,,,,,,,,,,,,,,13723,447.2461,0.287092,450.9940,212.8191,11,0.3585,10,0.3259,7,37,1.2059,10613,6582,214.5139,0.212838,9910,,270,258,12,8,0,8.7996,3162,4227,77,3090,4534,76,72,-307,1,0,1,0,0,1,0,5149,6918,125,5193,7230,137,-44,-312,-12,1,2,0,0,2,1
6911-9186,complete,https://lpl.qq.com/es/stats.shtml?bmid=6911,LPL,2021,Spring,0,2021-01-10 10:07:00,2,11.01,4,Blue,bot,kelin,Rogue Warriors,Aphelios,Galio,Renekton,Aatrox,Camille,Zoe,1841,0,7,3,4,12,18,1,0,0,0,1,1,0,0,0.3911,0.9451,,,,,,,,,,,,,,,,,,,,,,,,,,16573,540.1304,0.346715,356.4150,357.0994,11,0.3585,14,0.4563,5,37,1.2059,14792,10761,350.7116,0.347977,14775,,268,250,18,14,0,8.7344,4334,2831,67,3161,3100,68,1173,-269,-1,4,0,0,1,1,2,7425,5392,129,5920,5689,122,1505,-297,7,4,2,0,1,1,2
6911-9186,complete,https://lpl.qq.com/es/stats.shtml?bmid=6911,LPL,2021,Spring,0,2021-01-10 10:07:00,2,11.01,5,Blue,sup,QiuQiu,Rogue Warriors,Thresh,Galio,Renekton,Aatrox,Camille,Zoe,1841,0,1,4,10,12,18,0,0,0,0,1,0,1,0,0.3911,0.9451,,,,,,,,,,,,,,,,,,,,,,,,,,3880,126.4530,0.0811715,439.5872,289.4731,56,1.8251,8,0.2607,19,76,2.4769,7231,3200,104.2911,0.103472,6625,,34,34,0,0,0,1.1081,2524,2490,12,2134,2072,11,390,418,1,0,5,1,0,2,2,4001,4100,23,3555,3508,26,446,592,-3,0,7,1,0,2,2
6911-9186,complete,https://lpl.qq.com/es/stats.shtml?bmid=6911,LPL,2021,Spring,0,2021-01-10 10:07:00,2,11.01,6,Red,top,Breathe,Team WE,Irelia,Akali,Samira,Lucian,Yone,Ornn,1841,1,7,2,2,17,12,1,1,0,0,0,0,0,0,0.5540,0.9451,,,,,,,,,,,,,,,,,,,,,,,,,,11436,372.7105,0.214785,525.6274,330.3748,16,0.5215,6,0.1955,10,30,0.9777,14457,10426,339.7936,0.244198,12663,,275,255,20,5,5,8.9625,3682,4543,92,2705,3523,51,977,1020,41,1,0,1,0,2,0,5675,6786,132,4061,5544,82,1614,1242,50,2,0,1,0,3,0
6911-9186,complete,https://lpl.qq.com/es/stats.shtml?bmid=6911,LPL,2021,Spring,0,2021-01-10 10:07:00,2,11.01,7,Red,jng,beishang,Team WE,Olaf,Akali,Samira,Lucian,Yone,Ornn,1841,1,3,1,7,17,12,1,0,0,0,0,0,0,0,0.5540,0.9451,,,,,,,,,,,,,,,,,,,,,,,,,,10418,339.5329,0.195665,791.2765,638.9136,9,0.2933,12,0.3911,8,37,1.2059,11605,7574,246.8441,0.177397,10350,,201,22,179,125,11,6.5508,3095,3446,66,3211,3180,53,-116,266,13,0,1,0,1,2,1,4804,5744,106,5374,5868,99,-570,-124,7,0,2,1,2,3,2
6911-9186,complete,https://lpl.qq.com/es/stats.shtml?bmid=6911,LPL,2021,Spring,0,2021-01-10 10:07:00,2,11.01,8,Red,mid,Shanks,Team WE,Orianna,Akali,Samira,Lucian,Yone,Ornn,1841,1,1,2,12,17,12,0,0,0,0,0,0,0,0,0.5540,0.9451,,,,,,,,,,,,,,,,,,,,,,,,,,11289,367.9196,0.212024,288.3650,207.2135,17,0.5540,12,0.3911,8,49,1.5970,12459,8428,274.6768,0.1974,11100,,248,226,22,20,2,8.0826,3090,4534,76,3162,4227,77,-72,307,-1,0,1,0,0,1,0,5193,7230,137,5149,6918,125,44,312,12,0,2,1,1,2,0
6911-9186,complete,https://lpl.qq.com/es/stats.shtml?bmid=6911,LPL,2021,Spring,0,2021-01-10 10:07:00,2,11.01,9,Red,bot,Jiumeng,Team WE,Kai'Sa,Akali,Samira,Lucian,Yone,Ornn,1841,1,6,3,4,17,12,2,0,0,0,0,0,0,1,0.5540,0.9451,,,,,,,,,,,,,,,,,,,,,,,,,,13868,451.9718,0.260461,508.5171,304.4324,13,0.4237,11,0.3585,7,51,1.6621,16403,12372,403.2156,0.289779,14825,,313,278,35,24,7,10.2010,3161,3100,68,4334,2831,67,-1173,269,1,1,1,2,4,0,0,5920,5689,122,7425,5392,129,-1505,297,-7,1,1,2,4,2,0
6911-9186,complete,https://lpl.qq.com/es/stats.shtml?bmid=6911,LPL,2021,Spring,0,2021-01-10 10:07:00,2,11.01,10,Red,sup,Missing,Team WE,Sett,Akali,Samira,Lucian,Yone,Ornn,1841,1,0,4,9,17,12,0,0,0,0,0,0,0,0,0.5540,0.9451,,,,,,,,,,,,,,,,,,,,,,,,,,6233,203.1396,0.117065,482.0858,457.5774,52,1.6947,18,0.5866,12,92,2.9984,7926,3895,126.9419,0.0912254,6700,,48,48,0,0,0,1.5644,2134,2072,11,2524,2490,12,-390,-418,-1,0,2,2,0,5,1,3555,3508,26,4001,4100,23,-446,-592,3,0,2,2,0,7,1
6911-9186,complete,https://lpl.qq.com/es/stats.shtml?bmid=6911,LPL,2021,Spring,0,2021-01-10 10:07:00,2,11.01,100,Blue,team,,Rogue Warriors,,Galio,Renekton,Aatrox,Camille,Zoe,1841,0,12,18,27,12,18,1,0,0,0,1,,,,0.3911,0.9451,0,2,2,2,2,0,0,1,1,,0,0,1,1,1,0,0,2,1,2,9,1,0,0,1,47800,1557.8490,,2326.0185,1721.0646,105,3.4221,46,1.4992,46,222,7.2352,51080,30924,1007.8436,,49585,-0.115051,,,196,141,0,,15936,16251,260,15162,17695,313,774,-1444,-53,5,10,2,2,5,5,26010,27822,458,25147,28957,523,863,-1135,-65,7,17,3,3,7,7
6911-9186,complete,https://lpl.qq.com/es/stats.shtml?bmid=6911,LPL,2021,Spring,0,2021-01-10 10:07:00,2,11.01,200,Red,team,,Team WE,,Akali,Samira,Lucian,Yone,Ornn,1841,1,17,12,34,17,12,4,1,0,0,0,,,,0.5540,0.9451,1,2,2,2,2,1,0,0,1,,0,0,0,1,1,1,2,0,0,9,2,0,1,1,0,53244,1735.2743,,2595.8718,1938.5117,107,3.4872,59,1.9229,45,259,8.4411,62850,42694,1391.4394,,55638,0.115051,,,256,174,25,,15162,17695,313,15936,16251,260,-774,1444,53,2,5,5,5,10,2,25147,28957,523,26010,27822,458,-863,1135,65,3,7,7,7,17,3
6912-9187,complete,https://lpl.qq.com/es/stats.shtml?bmid=6912,LPL,2021,Spring,0,2021-01-10 11:09:00,1,11.01,1,Blue,top,TheShy,Invictus Gaming,Gnar,Taliyah,Twisted Fate,Samira,Ornn,Volibear,1720,1,2,1,4,16,5,0,0,0,0,0,0,0,0,0.5581,0.6977,,,,,,,,,,,,,,,,,,,,,,,,,,18727,653.2674,0.290927,615.2791,702.8023,11,0.3837,13,0.4535,4,45,1.5698,11923,8139,283.9186,0.224873,10100,,261,251,10,0,5,9.1047,3629,4684,87,3381,4975,88,248,-291,-1,1,0,0,0,0,0,5699,7633,140,5329,7626,135,370,7,5,1,1,1,0,1,0
6912-9187,complete,https://lpl.qq.com/es/stats.shtml?bmid=6912,LPL,2021,Spring,0,2021-01-10 11:09:00,1,11.01,2,Blue,jng,XUN,Invictus Gaming,Nidalee,Taliyah,Twisted Fate,Samira,Ornn,Volibear,1720,1,7,1,4,16,5,0,0,0,0,1,1,0,0,0.5581,0.6977,,,,,,,,,,,,,,,,,,,,,,,,,,11459,399.7326,0.178018,917.5465,529.3256,22,0.7674,18,0.6279,4,62,2.1628,12475,8691,303.1744,0.240125,10550,,203,29,174,108,14,7.0814,4126,3801,64,3171,3378,68,955,423,-4,2,2,1,0,0,1,6121,6049,101,4642,5402,103,1479,647,-2,3,2,1,0,0,2
6912-9187,complete,https://lpl.qq.com/es/stats.shtml?bmid=6912,LPL,2021,Spring,0,2021-01-10 11:09:00,1,11.01,3,Blue,mid,Rookie,Invictus Gaming,Orianna,Taliyah,Twisted Fate,Samira,Ornn,Volibear,1720,1,6,0,8,16,5,1,0,0,0,1,0,1,0,0.5581,0.6977,,,,,,,,,,,,,,,,,,,,,,,,,,18218,635.5116,0.28302,291.6628,245.0581,8,0.2791,12,0.4186,4,45,1.5698,12134,8350,291.2791,0.230703,11200,,214,189,25,20,1,7.4651,4187,4805,75,3390,4404,76,797,401,-1,3,3,0,1,1,2,6106,7381,127,5266,7884,140,840,-503,-13,3,4,0,1,1,2
6912-9187,complete,https://lpl.qq.com/es/stats.shtml?bmid=6912,LPL,2021,Spring,0,2021-01-10 11:09:00,1,11.01,4,Blue,bot,Wink,Invictus Gaming,Miss Fortune,Taliyah,Twisted Fate,Samira,Ornn,Volibear,1720,1,0,0,10,16,5,0,0,0,0,1,0,1,0,0.5581,0.6977,,,,,,,,,,,,,,,,,,,,,,,,,,13189,460.0814,0.204894,341.6860,173.2674,20,0.6977,13,0.4535,10,47,1.6395,11713,7929,276.5930,0.219071,10100,,289,250,39,23,6,10.0814,3159,3110,70,3369,3408,79,-210,-298,-9,0,3,0,1,0,1,5039,5664,126,5280,5702,134,-241,-38,-8,0,3,0,1,0,1
6912-9187,complete,https://lpl.qq.com/es/stats.shtml?bmid=6912,LPL,2021,Spring,0,2021-01-10 11:09:00,1,11.01,5,Blue,sup,Baolan,Invictus Gaming,Galio,Taliyah,Twisted Fate,Samira,Ornn,Volibear,1720,1,1,3,8,16,5,0,0,0,0,1,0,1,0,0.5581,0.6977,,,,,,,,,,,,,,,,,,,,,,,,,,2777,96.8721,0.0431412,422.7907,385.8837,47,1.6395,12,0.4186,22,69,2.4070,6869,3085,107.6163,0.0852288,6675,,42,42,0,0,0,1.4651,2158,2177,19,2200,1930,14,-42,247,5,0,2,1,0,2,2,3215,3265,32,3472,3365,22,-257,-100,10,0,2,1,1,2,2
6912-9187,complete,https://lpl.qq.com/es/stats.shtml?bmid=6912,LPL,2021,Spring,0,2021-01-10 11:09:00,1,11.01,6,Red,top,Zoom,JD Gaming,Renekton,Akali,Syndra,Alistar,Kalista,Yone,1720,0,0,3,1,4,16,0,0,0,0,0,0,0,0,0.1395,0.6977,,,,,,,,,,,,,,,,,,,,,,,,,,7858,274.1163,0.235439,1027.3953,762.0000,11,0.3837,2,0.0698,5,21,0.7326,8967,5183,180.8023,0.216573,8525,,215,211,4,4,0,7.5000,3381,4975,88,3629,4684,87,-248,291,1,0,0,0,1,0,0,5329,7626,135,5699,7633,140,-370,-7,-5,0,1,0,1,1,1
6912-9187,complete,https://lpl.qq.com/es/stats.shtml?bmid=6912,LPL,2021,Spring,0,2021-01-10 11:09:00,1,11.01,7,Red,jng,Kanavi,JD Gaming,Graves,Akali,Syndra,Alistar,Kalista,Yone,1720,0,0,3,1,4,16,0,0,0,0,0,0,0,0,0.1395,0.6977,,,,,,,,,,,,,,,,,,,,,,,,,,4686,163.4651,0.1404,411.4535,560.2674,29,1.0116,21,0.7326,7,72,2.5116,8229,4445,155.0581,0.185733,7500,,178,38,140,109,6,6.2093,3171,3378,68,4126,3801,64,-955,-423,4,0,0,1,2,2,1,4642,5402,103,6121,6049,101,-1479,-647,2,0,0,2,3,2,1
6912-9187,complete,https://lpl.qq.com/es/stats.shtml?bmid=6912,LPL,2021,Spring,0,2021-01-10 11:09:00,1,11.01,8,Red,mid,Xiye,JD Gaming,Viktor,Akali,Syndra,Alistar,Kalista,Yone,1720,0,1,3,2,4,16,0,0,0,0,0,0,0,0,0.1395,0.6977,,,,,,,,,,,,,,,,,,,,,,,,,,9241,322.3605,0.276876,369.5233,307.0814,13,0.4535,1,0.0349,4,12,0.4186,9245,5461,190.5000,0.228191,8750,,239,222,17,17,0,8.3372,3390,4404,76,4187,4805,75,-797,-401,1,1,1,2,3,3,0,5266,7884,140,6106,7381,127,-840,503,13,1,1,2,3,4,0
6912-9187,complete,https://lpl.qq.com/es/stats.shtml?bmid=6912,LPL,2021,Spring,0,2021-01-10 11:09:00,1,11.01,9,Red,bot,LokeN,JD Gaming,Jhin,Akali,Syndra,Alistar,Kalista,Yone,1720,0,2,3,0,4,16,0,0,0,0,0,0,0,0,0.1395,0.6977,,,,,,,,,,,,,,,,,,,,,,,,,,8573,299.0581,0.256861,358.2558,142.2558,17,0.5930,5,0.1744,8,22,0.7674,10439,6655,232.1512,0.278086,9600,,256,244,12,4,4,8.9302,3369,3408,79,3159,3110,70,210,298,9,1,0,1,0,3,0,5280,5702,134,5039,5664,126,241,38,8,1,0,1,0,3,0
6912-9187,complete,https://lpl.qq.com/es/stats.shtml?bmid=6912,LPL,2021,Spring,0,2021-01-10 11:09:00,1,11.01,10,Red,sup,LvMao,JD Gaming,Leona,Akali,Syndra,Alistar,Kalista,Yone,1720,0,1,4,3,4,16,0,0,0,0,0,0,0,1,0.1395,0.6977,,,,,,,,,,,,,,,,,,,,,,,,,,3018,105.2791,0.0904243,460.0465,539.7907,42,1.4651,6,0.2093,15,52,1.8140,5972,2188,76.3256,0.0914166,5875,,30,30,0,0,0,1.0465,2200,1930,14,2158,2177,19,42,-247,-5,0,2,2,0,2,1,3472,3365,22,3215,3265,32,257,100,-10,1,2,2,0,2,1
6912-9187,complete,https://lpl.qq.com/es/stats.shtml?bmid=6912,LPL,2021,Spring,0,2021-01-10 11:09:00,1,11.01,100,Blue,team,,JD Gaming,,Taliyah,Twisted Fate,Samira,Ornn,Volibear,1720,1,16,5,34,16,5,1,0,0,0,1,,,,0.5581,0.6977,0,3,1,3,1,0,0,1,2,,0,0,1,2,0,1,1,0,1,8,1,1,1,1,0,64370,2245.4651,,2588.9651,2036.3372,108,3.7674,68,2.3721,44,268,9.3488,55114,36192,1262.5116,,48625,0.188467,,,248,151,26,,17259,18577,315,15511,18095,325,1748,482,-10,6,10,2,2,3,6,26180,29992,526,23989,29979,534,2191,13,-8,7,12,3,3,4,7
6912-9187,complete,https://lpl.qq.com/es/stats.shtml?bmid=6912,LPL,2021,Spring,0,2021-01-10 11:09:00,1,11.01,200,Red,team,,Invictus Gaming,,Akali,Syndra,Alistar,Kalista,Yone,1720,0,4,16,7,4,16,0,0,0,0,0,,,,0.1395,0.6977,1,1,3,1,3,1,0,0,0,,0,0,0,0,2,0,0,1,0,1,8,0,0,0,1,33376,1164.2791,,2626.6744,2311.3953,112,3.9070,35,1.2209,39,179,6.2442,42852,23930,834.7674,,40250,-0.188467,,,173,134,10,,15511,18095,325,17259,18577,315,-1748,-482,10,2,3,6,6,10,2,23989,29979,534,26180,29992,526,-2191,-13,8,3,4,7,7,12,3
6912-9188,complete,https://lpl.qq.com/es/stats.shtml?bmid=6912,LPL,2021,Spring,0,2021-01-10 11:58:00,2,11.01,1,Blue,top,TheShy,Invictus Gaming,Gnar,Taliyah,Twisted Fate,Samira,Ornn,Malphite,1634,1,4,4,10,25,7,0,0,0,0,0,0,0,1,0.9180,1.1750,,,,,,,,,,,,,,,,,,,,,,,,,,26330,966.8299,0.351798,1133.8311,1131.7381,8,0.2938,9,0.3305,6,28,1.0282,12151,8542,313.6597,0.237727,11750,,206,202,4,0,4,7.5643,3680,4474,79,3203,3698,62,477,776,17,1,1,1,1,1,2,6454,6796,123,5257,6880,95,1197,-84,28,2,1,3,2,2,3
6912-9188,complete,https://lpl.qq.com/es/stats.shtml?bmid=6912,LPL,2021,Spring,0,2021-01-10 11:58:00,2,11.01,2,Blue,jng,XUN,Invictus Gaming,Nidalee,Taliyah,Twisted Fate,Samira,Ornn,Malphite,1634,1,7,1,10,25,7,2,0,0,0,0,0,0,0,0.9180,1.1750,,,,,,,,,,,,,,,,,,,,,,,,,,12636,463.9902,0.168831,1003.5129,581.1628,8,0.2938,11,0.4039,9,40,1.4688,11407,7798,286.3403,0.217021,10325,,180,22,158,80,31,6.6095,3686,3669,63,3308,3245,63,378,424,0,2,1,1,0,2,1,5288,6139,95,5456,5794,106,-168,345,-11,2,3,1,0,3,1
6912-9188,complete,https://lpl.qq.com/es/stats.shtml?bmid=6912,LPL,2021,Spring,0,2021-01-10 11:58:00,2,11.01,3,Blue,mid,Rookie,Invictus Gaming,Zoe,Taliyah,Twisted Fate,Samira,Ornn,Malphite,1634,1,5,0,14,25,7,1,0,0,0,0,0,0,0,0.9180,1.1750,,,,,,,,,,,,,,,,,,,,,,,,,,20027,735.3856,0.267583,498.6169,245.7283,9,0.3305,2,0.0734,5,19,0.6977,11058,7449,273.5251,0.207308,9925,,191,179,12,8,4,7.0135,3451,4474,90,3396,4534,74,55,-60,16,0,2,0,1,0,0,5631,7391,133,5802,7193,123,-171,198,10,2,3,0,1,1,1
6912-9188,complete,https://lpl.qq.com/es/stats.shtml?bmid=6912,LPL,2021,Spring,0,2021-01-10 11:58:00,2,11.01,4,Blue,bot,Wink,Invictus Gaming,Jhin,Taliyah,Twisted Fate,Samira,Ornn,Malphite,1634,1,7,0,7,25,7,1,0,0,0,0,0,0,0,0.9180,1.1750,,,,,,,,,,,,,,,,,,,,,,,,,,11947,438.6903,0.159625,285.1285,134.9082,13,0.4774,4,0.1469,6,23,0.8446,12387,8778,322.3256,0.244295,11250,,232,210,22,12,6,8.5190,3151,3372,83,3386,3419,90,-235,-47,-7,0,0,0,0,0,0,4956,5823,134,5996,6450,153,-1040,-627,-19,0,0,0,0,0,0
6912-9188,complete,https://lpl.qq.com/es/stats.shtml?bmid=6912,LPL,2021,Spring,0,2021-01-10 11:58:00,2,11.01,5,Blue,sup,Baolan,Invictus Gaming,Leona,Taliyah,Twisted Fate,Samira,Ornn,Malphite,1634,1,2,2,10,25,7,0,0,0,0,0,0,0,0,0.9180,1.1750,,,,,,,,,,,,,,,,,,,,,,,,,,3904,143.3537,0.0521618,499.7185,660.0367,42,1.5422,8,0.2938,18,63,2.3133,6974,3365,123.5618,0.0936497,6700,,33,33,0,0,0,1.2118,2022,1931,14,2200,2417,14,-178,-486,0,0,0,0,0,1,0,3110,3076,23,3550,3448,18,-440,-372,5,0,2,0,1,1,1
6912-9188,complete,https://lpl.qq.com/es/stats.shtml?bmid=6912,LPL,2021,Spring,0,2021-01-10 11:58:00,2,11.01,6,Red,top,Zoom,JD Gaming,Wukong,Akali,Syndra,Orianna,Kalista,Renekton,1634,0,2,6,3,7,25,0,0,0,0,1,1,0,0,0.2570,1.1750,,,,,,,,,,,,,,,,,,,,,,,,,,9989,366.7931,0.161784,839.4859,528.6903,10,0.3672,2,0.0734,3,15,0.5508,8516,4907,180.1836,0.18744,8608,,167,163,4,4,0,6.1322,3203,3698,62,3680,4474,79,-477,-776,-17,1,1,2,1,1,1,5257,6880,95,6454,6796,123,-1197,84,-28,2,2,3,2,1,3
6912-9188,complete,https://lpl.qq.com/es/stats.shtml?bmid=6912,LPL,2021,Spring,0,2021-01-10 11:58:00,2,11.01,7,Red,jng,Kanavi,JD Gaming,Graves,Akali,Syndra,Orianna,Kalista,Renekton,1634,0,1,4,4,7,25,0,0,0,0,1,0,1,0,0.2570,1.1750,,,,,,,,,,,,,,,,,,,,,,,,,,11030,405.0184,0.178644,639.9878,829.6818,21,0.7711,14,0.5141,5,58,2.1297,9348,5739,210.7344,0.219221,8375,,178,47,131,81,13,6.5361,3308,3245,63,3686,3669,63,-378,-424,0,0,2,1,2,1,1,5456,5794,106,5288,6139,95,168,-345,11,0,3,1,2,3,1
6912-9188,complete,https://lpl.qq.com/es/stats.shtml?bmid=6912,LPL,2021,Spring,0,2021-01-10 11:58:00,2,11.01,8,Red,mid,Xiye,JD Gaming,Viktor,Akali,Syndra,Orianna,Kalista,Renekton,1634,0,3,5,2,7,25,0,0,0,0,0,0,0,0,0.2570,1.1750,,,,,,,,,,,,,,,,,,,,,,,,,,18658,685.1163,0.302188,533.4639,410.1591,9,0.3305,1,0.0367,3,13,0.4774,10262,6653,244.2962,0.254135,8625,,194,181,13,9,4,7.1236,3396,4534,74,3451,4474,90,-55,60,-16,1,0,0,0,2,0,5802,7193,123,5631,7391,133,171,-198,-10,1,1,1,2,3,0
6912-9188,complete,https://lpl.qq.com/es/stats.shtml?bmid=6912,LPL,2021,Spring,0,2021-01-10 11:58:00,2,11.01,9,Red,bot,LokeN,JD Gaming,Miss Fortune,Akali,Syndra,Orianna,Kalista,Renekton,1634,0,0,4,3,7,25,0,0,0,0,0,0,0,0,0.2570,1.1750,,,,,,,,,,,,,,,,,,,,,,,,,,8307,305.0306,0.134542,430.7956,306.2424,11,0.4039,5,0.1836,6,28,1.0282,10160,6551,240.5508,0.250238,10400,,250,235,15,5,5,9.1799,3386,3419,90,3151,3372,83,235,47,7,0,0,0,0,0,0,5996,6450,153,4956,5823,134,1040,627,19,0,0,0,0,0,0
6912-9188,complete,https://lpl.qq.com/es/stats.shtml?bmid=6912,LPL,2021,Spring,0,2021-01-10 11:58:00,2,11.01,10,Red,sup,LvMao,JD Gaming,Maokai,Akali,Syndra,Orianna,Kalista,Renekton,1634,0,1,6,4,7,25,0,0,0,0,0,0,0,0,0.2570,1.1750,,,,,,,,,,,,,,,,,,,,,,,,,,13759,505.2264,0.222843,675.4223,427.3072,28,1.0282,3,0.1102,6,49,1.7993,5938,2329,85.5202,0.0889653,5585,,29,29,0,0,0,1.0649,2200,2417,14,2022,1931,14,178,486,0,0,1,0,0,0,0,3550,3448,18,3110,3076,23,440,372,-5,1,1,1,0,2,0
6912-9188,complete,https://lpl.qq.com/es/stats.shtml?bmid=6912,LPL,2021,Spring,0,2021-01-10 11:58:00,2,11.01,100,Blue,team,,Invictus Gaming,,Taliyah,Twisted Fate,Samira,Ornn,Malphite,1634,1,25,7,51,25,7,4,0,0,0,0,,,,0.9180,1.1750,1,4,0,4,0,2,1,0,1,,0,0,0,1,1,1,1,0,1,8,4,0,0,1,0,74844,2748.2497,,3420.8078,2753.5741,80,2.9376,34,1.2485,44,173,6.3525,53977,35932,1319.4125,,49950,0.182581,,,196,100,45,,15990,17920,329,15493,17313,303,497,607,26,3,4,2,2,4,3,25439,29225,508,26061,29765,495,-622,-540,13,6,9,4,4,7,6
6912-9188,complete,https://lpl.qq.com/es/stats.shtml?bmid=6912,LPL,2021,Spring,0,2021-01-10 11:58:00,2,11.01,200,Red,team,,JD Gaming,,Akali,Syndra,Orianna,Kalista,Renekton,1634,0,7,25,16,7,25,0,0,0,0,1,,,,0.2570,1.1750,0,0,4,0,4,0,0,0,0,,0,0,1,1,1,0,0,1,0,4,8,1,1,0,1,61743,2267.1848,,3119.1554,2502.0808,79,2.9009,25,0.9180,23,163,5.9853,44224,26179,961.2852,,41593,-0.182581,,,163,99,22,,15493,17313,303,15990,17920,329,-497,-607,-26,2,4,3,3,4,2,26061,29765,495,25439,29225,508,622,540,-13,4,7,6,6,9,4
